-- phpMyAdmin SQL Dump
-- version 5.1.1
-- https://www.phpmyadmin.net/
--
-- Host: 127.0.0.1
-- Generation Time: Mar 28, 2022 at 04:23 AM
-- Server version: 10.4.22-MariaDB
-- PHP Version: 8.1.1

SET SQL_MODE = "NO_AUTO_VALUE_ON_ZERO";
START TRANSACTION;
SET time_zone = "+00:00";


/*!40101 SET @OLD_CHARACTER_SET_CLIENT=@@CHARACTER_SET_CLIENT */;
/*!40101 SET @OLD_CHARACTER_SET_RESULTS=@@CHARACTER_SET_RESULTS */;
/*!40101 SET @OLD_COLLATION_CONNECTION=@@COLLATION_CONNECTION */;
/*!40101 SET NAMES utf8mb4 */;

--
-- Database: `cryptoadvantage`
--

-- --------------------------------------------------------

--
-- Table structure for table `cryptocurrency`
--

CREATE TABLE `cryptocurrency` (
  `ID` int(11) NOT NULL,
  `Name` varchar(255) NOT NULL,
  `Ticker` varchar(5) NOT NULL
) ENGINE=InnoDB DEFAULT CHARSET=utf8mb4;

--
-- Dumping data for table `cryptocurrency`
--

INSERT INTO `cryptocurrency` (`ID`, `Name`, `Ticker`) VALUES
(1, 'Bitcoin', 'BTC'),
(2, 'Ethereum', 'ETH'),
(3, 'Ripple', 'XRP'),
(4, 'Bitcoin Cash', 'BCH'),
(5, 'Cardano', 'ADA'),
(6, 'Litecoin', 'LTC'),
(7, 'NEM', 'XEM'),
(8, 'Stellar', 'XLM'),
(9, 'EOS', 'EOS'),
(10, 'NEO', 'NEO'),
(11, 'IOTA', 'MIOTA'),
(12, 'Dash', 'DASH'),
(13, 'Monero', 'XMR'),
(14, 'TRON', 'TRX'),
(15, 'Tezos', 'XTZ'),
(16, 'Dogecoin', 'DOGE'),
(17, 'Ethereum Classic', 'ETC'),
(18, 'VeChain', 'VEN'),
(19, 'Tether', 'USDT'),
(20, 'Binance Coin', 'BNB');

-- --------------------------------------------------------

--
-- Table structure for table `exchange`
--

CREATE TABLE `exchange` (
  `ID` int(11) NOT NULL,
  `Name` varchar(255) NOT NULL,
  `APIUrl` varchar(255) NOT NULL
) ENGINE=InnoDB DEFAULT CHARSET=utf8mb4;

--
-- Dumping data for table `exchange`
--

INSERT INTO `exchange` (`ID`, `Name`, `APIUrl`) VALUES
(1, 'Binance', 'www.binance/fake/api/'),
(2, 'Coinbase Exchange', 'www.coinbaseexchange/fake/api/'),
(3, 'FTX', 'www.ftx/fake/api/'),
(4, 'Kraken', 'www.kraken/fake/api/'),
(5, 'KuCoin', 'www.kucoin/fake/api/'),
(6, 'Gate.io', 'www.gateio/fake/api/'),
(7, 'Huobi Global', 'www.huobiglobal/fake/api/'),
(8, 'Bitfinex', 'www.bitfinex/fake/api/'),
(9, 'Crypto.com Exchange', 'www.cryptocomexchange/fake/api/'),
(10, 'Binance.US', 'www.binanceus/fake/api/'),
(11, 'Coincheck', 'www.coincheck/fake/api/'),
(12, 'bitFlyer', 'www.bitflyer/fake/api/'),
(13, 'Bitstamp', 'www.bitstamp/fake/api/'),
(14, 'Gemini', 'www.gemini/fake/api/'),
(15, 'FTX US', 'www.ftxus/fake/api/'),
(16, 'Bybit', 'www.bybit/fake/api/'),
(17, 'OKX', 'www.okx/fake/api/'),
(18, 'Bithumb', 'www.bithumb/fake/api/'),
(19, 'Upbit', 'www.upbit/fake/api/'),
(20, 'Poloniex', 'www.poloniex/fake/api/'),
(21, 'MEXC', 'www.mexc/fake/api/'),
(22, 'Liquid', 'www.liquid/fake/api/'),
(23, 'Coinone', 'www.coinone/fake/api/'),
(24, 'LBank', 'www.lbank/fake/api/'),
(25, 'Bittrex', 'www.bittrex/fake/api/'),
(26, 'Zaif', 'www.zaif/fake/api/'),
(27, 'Korbit', 'www.korbit/fake/api/');

-- --------------------------------------------------------

--
-- Table structure for table `pricehistory`
--

CREATE TABLE `pricehistory` (
  `ID` int(11) NOT NULL,
  `CryptoID` int(11) NOT NULL,
  `Date` date NOT NULL,
  `Open` int(11) NOT NULL,
  `Close` int(11) NOT NULL,
  `High` int(11) NOT NULL,
  `Low` int(11) NOT NULL,
  `Volume` int(11) NOT NULL
) ENGINE=InnoDB DEFAULT CHARSET=utf8mb4;

--
-- Dumping data for table `pricehistory`
--

INSERT INTO `pricehistory` (`ID`, `CryptoID`, `Date`, `Open`, `Close`, `High`, `Low`, `Volume`) VALUES
(1, 1, '0000-00-00', 10, 10, 10, 10, 442795),
(2, 1, '0000-00-00', 10, 10, 10, 10, 757405),
(3, 1, '0000-00-00', 10, 10, 10, 10, 574559),
(4, 1, '0000-00-00', 10, 10, 10, 10, 972493),
(5, 1, '0000-00-00', 10, 11, 11, 10, 460358),
(6, 1, '0000-00-00', 11, 10, 10, 10, 700880),
(7, 1, '0000-00-00', 10, 11, 11, 11, 536100),
(8, 1, '0000-00-00', 11, 11, 11, 11, 638640),
(9, 1, '0000-00-00', 11, 11, 11, 11, 109322),
(10, 1, '0000-00-00', 11, 11, 11, 11, 460185),
(11, 1, '0000-00-00', 11, 12, 12, 12, 930717),
(12, 1, '0000-00-00', 12, 12, 12, 12, 305328),
(13, 1, '0000-00-00', 12, 12, 12, 12, 235310),
(14, 1, '0000-00-00', 12, 12, 12, 12, 595245),
(15, 1, '0000-00-00', 12, 12, 12, 12, 815615),
(16, 1, '0000-00-00', 12, 12, 12, 12, 143811),
(17, 1, '0000-00-00', 12, 12, 13, 12, 912229),
(18, 1, '0000-00-00', 12, 12, 13, 12, 663986),
(19, 1, '0000-00-00', 12, 12, 13, 12, 730366),
(20, 1, '0000-00-00', 12, 12, 12, 12, 468886),
(21, 1, '0000-00-00', 12, 12, 12, 12, 778091),
(22, 1, '0000-00-00', 12, 12, 12, 12, 335504),
(23, 1, '0000-00-00', 12, 13, 13, 12, 996546),
(24, 1, '0000-00-00', 13, 13, 13, 13, 451243),
(25, 1, '0000-00-00', 13, 13, 13, 13, 301445),
(26, 1, '0000-00-00', 13, 13, 13, 13, 617592),
(27, 1, '0000-00-00', 13, 13, 13, 13, 851946),
(28, 1, '0000-00-00', 13, 14, 14, 13, 719926),
(29, 1, '0000-00-00', 14, 14, 14, 14, 666101),
(30, 1, '0000-00-00', 14, 14, 14, 13, 802617),
(31, 1, '0000-00-00', 14, 13, 14, 13, 200729),
(32, 1, '0000-00-00', 13, 14, 14, 14, 691765),
(33, 1, '0000-00-00', 14, 14, 14, 14, 437185),
(34, 1, '0000-00-00', 14, 14, 15, 14, 399246),
(35, 1, '0000-00-00', 14, 15, 15, 15, 670086),
(36, 1, '0000-00-00', 15, 15, 15, 15, 819675),
(37, 1, '0000-00-00', 15, 15, 15, 15, 852619),
(38, 1, '0000-00-00', 15, 15, 16, 15, 179163),
(39, 1, '0000-00-00', 15, 16, 16, 16, 568988),
(40, 1, '0000-00-00', 16, 16, 16, 16, 709682),
(41, 1, '0000-00-00', 16, 16, 16, 16, 560174),
(42, 1, '0000-00-00', 16, 16, 17, 16, 942031),
(43, 1, '0000-00-00', 16, 17, 17, 17, 763109),
(44, 1, '0000-00-00', 17, 17, 17, 17, 635462),
(45, 1, '0000-00-00', 17, 17, 17, 17, 389611),
(46, 1, '0000-00-00', 17, 17, 17, 17, 935774),
(47, 1, '0000-00-00', 17, 17, 17, 17, 697187),
(48, 1, '0000-00-00', 17, 17, 17, 17, 289367),
(49, 1, '0000-00-00', 17, 17, 18, 17, 100343),
(50, 1, '0000-00-00', 17, 18, 18, 17, 373006),
(51, 1, '0000-00-00', 18, 18, 18, 18, 156575),
(52, 1, '0000-00-00', 18, 19, 19, 18, 512844),
(53, 1, '0000-00-00', 19, 18, 19, 18, 294118),
(54, 1, '0000-00-00', 18, 19, 19, 19, 735171),
(55, 1, '0000-00-00', 19, 19, 19, 18, 746803),
(56, 1, '0000-00-00', 19, 19, 19, 18, 754466),
(57, 1, '0000-00-00', 19, 18, 18, 18, 882222),
(58, 1, '0000-00-00', 18, 19, 19, 19, 774657),
(59, 1, '0000-00-00', 19, 19, 19, 19, 835805),
(60, 1, '0000-00-00', 19, 19, 19, 19, 314499),
(61, 1, '0000-00-00', 19, 20, 20, 19, 296638),
(62, 1, '0000-00-00', 20, 20, 20, 20, 651581),
(63, 1, '0000-00-00', 20, 21, 21, 21, 796130),
(64, 1, '0000-00-00', 21, 21, 21, 21, 490832),
(65, 1, '0000-00-00', 21, 21, 21, 21, 791884),
(66, 1, '0000-00-00', 21, 21, 21, 21, 634775),
(67, 1, '0000-00-00', 21, 21, 22, 21, 259369),
(68, 1, '0000-00-00', 21, 22, 22, 22, 425606),
(69, 1, '0000-00-00', 22, 21, 22, 21, 523352),
(70, 1, '0000-00-00', 21, 21, 21, 21, 343289),
(71, 1, '0000-00-00', 21, 21, 21, 20, 327104),
(72, 1, '0000-00-00', 21, 21, 21, 20, 936259),
(73, 1, '0000-00-00', 21, 21, 22, 21, 684237),
(74, 1, '0000-00-00', 21, 21, 22, 21, 461229),
(75, 1, '0000-00-00', 21, 21, 21, 21, 838866),
(76, 1, '0000-00-00', 21, 21, 21, 21, 973906),
(77, 1, '0000-00-00', 21, 21, 22, 21, 829617),
(78, 1, '0000-00-00', 21, 21, 21, 21, 328598),
(79, 1, '0000-00-00', 21, 21, 21, 20, 855836),
(80, 1, '0000-00-00', 21, 20, 21, 20, 314174),
(81, 1, '0000-00-00', 20, 20, 20, 20, 889644),
(82, 1, '0000-00-00', 20, 21, 21, 21, 419269),
(83, 1, '0000-00-00', 21, 21, 21, 21, 841957),
(84, 1, '0000-00-00', 21, 21, 21, 21, 513807),
(85, 1, '0000-00-00', 21, 21, 21, 21, 436093),
(86, 1, '0000-00-00', 21, 21, 21, 21, 680375),
(87, 1, '0000-00-00', 21, 20, 21, 20, 145187),
(88, 1, '0000-00-00', 20, 20, 21, 20, 917663),
(89, 1, '0000-00-00', 20, 20, 20, 20, 694715),
(90, 1, '0000-00-00', 20, 21, 21, 21, 514867),
(91, 1, '0000-00-00', 21, 21, 21, 21, 702140),
(92, 1, '0000-00-00', 21, 21, 21, 21, 456606),
(93, 1, '0000-00-00', 21, 21, 21, 21, 212304),
(94, 1, '0000-00-00', 21, 22, 22, 22, 272738),
(95, 1, '0000-00-00', 22, 22, 22, 22, 317483),
(96, 1, '0000-00-00', 22, 23, 23, 22, 706651),
(97, 1, '0000-00-00', 23, 22, 23, 22, 895019),
(98, 1, '0000-00-00', 22, 23, 23, 23, 666467),
(99, 1, '0000-00-00', 23, 24, 24, 23, 328966),
(100, 1, '0000-00-00', 24, 24, 24, 23, 326066),
(101, 1, '0000-00-00', 24, 24, 24, 24, 896295),
(102, 1, '0000-00-00', 24, 25, 25, 24, 843889),
(103, 1, '0000-00-00', 25, 25, 25, 25, 476378),
(104, 1, '0000-00-00', 25, 26, 26, 26, 223652),
(105, 1, '0000-00-00', 26, 25, 26, 25, 608003),
(106, 1, '0000-00-00', 25, 26, 27, 26, 945151),
(107, 1, '0000-00-00', 26, 28, 28, 27, 427277),
(108, 1, '0000-00-00', 28, 27, 27, 27, 153220),
(109, 1, '0000-00-00', 27, 26, 27, 26, 693029),
(110, 1, '0000-00-00', 26, 27, 27, 27, 911304),
(111, 1, '0000-00-00', 27, 26, 26, 26, 612479),
(112, 1, '0000-00-00', 26, 27, 27, 26, 452488),
(113, 1, '0000-00-00', 27, 26, 26, 26, 931878),
(114, 1, '0000-00-00', 26, 27, 27, 26, 826345),
(115, 1, '0000-00-00', 27, 27, 27, 26, 642591),
(116, 1, '0000-00-00', 27, 27, 27, 27, 498276),
(117, 1, '0000-00-00', 27, 28, 28, 28, 901335),
(118, 1, '0000-00-00', 28, 28, 28, 28, 119693),
(119, 1, '0000-00-00', 28, 28, 29, 28, 132270),
(120, 1, '0000-00-00', 28, 28, 28, 27, 748145),
(121, 1, '0000-00-00', 28, 29, 29, 28, 618400),
(122, 1, '0000-00-00', 29, 28, 28, 28, 996242),
(123, 1, '0000-00-00', 28, 29, 29, 28, 545429),
(124, 1, '0000-00-00', 29, 28, 29, 28, 549880),
(125, 1, '0000-00-00', 28, 28, 29, 28, 988243),
(126, 1, '0000-00-00', 28, 28, 28, 28, 899683),
(127, 1, '0000-00-00', 28, 28, 28, 28, 804834),
(128, 1, '0000-00-00', 28, 27, 28, 27, 130974),
(129, 1, '0000-00-00', 27, 27, 27, 27, 991228),
(130, 1, '0000-00-00', 27, 26, 27, 26, 385263),
(131, 1, '0000-00-00', 26, 26, 27, 26, 752309),
(132, 1, '0000-00-00', 26, 27, 27, 27, 321526),
(133, 1, '0000-00-00', 27, 28, 28, 28, 935003),
(134, 1, '0000-00-00', 28, 27, 28, 27, 871454),
(135, 1, '0000-00-00', 27, 27, 28, 27, 681527),
(136, 1, '0000-00-00', 27, 27, 27, 26, 576129),
(137, 1, '0000-00-00', 27, 26, 26, 26, 150493),
(138, 1, '0000-00-00', 26, 26, 26, 26, 705256),
(139, 1, '0000-00-00', 26, 25, 26, 25, 644432),
(140, 1, '0000-00-00', 25, 25, 26, 25, 829479),
(141, 1, '0000-00-00', 25, 26, 26, 25, 562591),
(142, 1, '0000-00-00', 26, 26, 27, 26, 676582),
(143, 1, '0000-00-00', 26, 27, 27, 27, 843196),
(144, 1, '0000-00-00', 27, 27, 27, 26, 266646),
(145, 1, '0000-00-00', 27, 26, 27, 26, 702695),
(146, 1, '0000-00-00', 26, 26, 26, 26, 548655),
(147, 1, '0000-00-00', 26, 26, 26, 25, 255199),
(148, 1, '0000-00-00', 26, 25, 26, 25, 719865),
(149, 1, '0000-00-00', 25, 25, 25, 25, 573170),
(150, 1, '0000-00-00', 25, 25, 26, 25, 580792),
(151, 1, '0000-00-00', 25, 25, 25, 25, 446268),
(152, 1, '0000-00-00', 25, 25, 25, 25, 124805),
(153, 1, '0000-00-00', 25, 26, 26, 26, 539448),
(154, 1, '0000-00-00', 26, 26, 26, 26, 206882),
(155, 1, '0000-00-00', 26, 26, 27, 26, 267570),
(156, 1, '0000-00-00', 26, 27, 28, 27, 229976),
(157, 1, '0000-00-00', 27, 28, 28, 27, 534254),
(158, 1, '0000-00-00', 28, 27, 28, 27, 250263),
(159, 1, '0000-00-00', 27, 27, 28, 27, 711178),
(160, 1, '0000-00-00', 27, 28, 28, 27, 671892),
(161, 1, '0000-00-00', 28, 27, 27, 27, 677645),
(162, 1, '0000-00-00', 27, 27, 27, 27, 817135),
(163, 1, '0000-00-00', 27, 26, 27, 26, 131503),
(164, 1, '0000-00-00', 26, 26, 26, 26, 865436),
(165, 1, '0000-00-00', 26, 27, 27, 27, 400829),
(166, 1, '0000-00-00', 27, 28, 28, 27, 442560),
(167, 1, '0000-00-00', 28, 27, 28, 27, 632002),
(168, 1, '0000-00-00', 27, 27, 27, 27, 229165),
(169, 1, '0000-00-00', 27, 28, 28, 28, 486104),
(170, 1, '0000-00-00', 28, 28, 28, 28, 616506),
(171, 1, '0000-00-00', 28, 27, 28, 27, 278522),
(172, 1, '0000-00-00', 27, 27, 27, 27, 655864),
(173, 1, '0000-00-00', 27, 27, 27, 27, 381619),
(174, 1, '0000-00-00', 27, 28, 28, 28, 891100),
(175, 1, '0000-00-00', 28, 28, 28, 28, 370270),
(176, 1, '0000-00-00', 28, 28, 28, 28, 264226),
(177, 1, '0000-00-00', 28, 28, 29, 28, 620312),
(178, 1, '0000-00-00', 28, 29, 29, 29, 106336),
(179, 1, '0000-00-00', 29, 29, 29, 29, 584040),
(180, 1, '0000-00-00', 29, 30, 30, 30, 404286),
(181, 1, '0000-00-00', 30, 31, 31, 31, 584111),
(182, 1, '0000-00-00', 31, 32, 32, 31, 743033),
(183, 1, '0000-00-00', 32, 33, 33, 32, 674194),
(184, 1, '0000-00-00', 33, 33, 34, 33, 743305),
(185, 1, '0000-00-00', 33, 32, 33, 32, 266513),
(186, 1, '0000-00-00', 32, 33, 34, 33, 233751),
(187, 1, '0000-00-00', 33, 33, 33, 33, 539691),
(188, 1, '0000-00-00', 33, 33, 33, 33, 974853),
(189, 1, '0000-00-00', 33, 33, 33, 32, 463079),
(190, 1, '0000-00-00', 33, 32, 33, 32, 708809),
(191, 1, '0000-00-00', 32, 34, 34, 33, 995476),
(192, 1, '0000-00-00', 34, 35, 35, 34, 632395),
(193, 1, '0000-00-00', 35, 35, 35, 35, 756172),
(194, 1, '0000-00-00', 35, 35, 35, 35, 773841),
(195, 1, '0000-00-00', 35, 35, 35, 34, 968914),
(196, 1, '0000-00-00', 35, 36, 36, 35, 117222),
(197, 1, '0000-00-00', 36, 35, 35, 35, 143351),
(198, 1, '0000-00-00', 35, 34, 34, 34, 949081),
(199, 1, '0000-00-00', 34, 33, 34, 33, 879623),
(200, 1, '0000-00-00', 33, 34, 34, 33, 925715),
(201, 1, '0000-00-00', 34, 35, 35, 34, 929173),
(202, 1, '0000-00-00', 35, 36, 36, 35, 782978),
(203, 1, '0000-00-00', 36, 36, 36, 35, 869906),
(204, 1, '0000-00-00', 36, 37, 37, 36, 354198),
(205, 1, '0000-00-00', 37, 37, 37, 36, 768657),
(206, 1, '0000-00-00', 37, 37, 37, 37, 104808),
(207, 1, '0000-00-00', 37, 37, 38, 37, 491501),
(208, 1, '0000-00-00', 37, 37, 37, 37, 499449),
(209, 1, '0000-00-00', 37, 37, 38, 37, 683235),
(210, 1, '0000-00-00', 37, 37, 38, 37, 148876),
(211, 1, '0000-00-00', 37, 37, 37, 36, 393475),
(212, 1, '0000-00-00', 37, 37, 37, 36, 698560),
(213, 1, '0000-00-00', 37, 37, 37, 36, 825807),
(214, 1, '0000-00-00', 37, 37, 37, 37, 644253),
(215, 1, '0000-00-00', 37, 38, 39, 38, 316505),
(216, 1, '0000-00-00', 38, 39, 39, 38, 780956),
(217, 1, '0000-00-00', 39, 40, 41, 40, 876202),
(218, 1, '0000-00-00', 40, 41, 42, 41, 690537),
(219, 1, '0000-00-00', 41, 42, 42, 42, 892484),
(220, 1, '0000-00-00', 42, 44, 44, 43, 851059),
(221, 1, '0000-00-00', 44, 44, 45, 44, 608674),
(222, 1, '0000-00-00', 44, 45, 46, 45, 945410),
(223, 1, '0000-00-00', 45, 46, 46, 45, 133532),
(224, 1, '0000-00-00', 46, 45, 46, 45, 769189),
(225, 1, '0000-00-00', 45, 45, 45, 44, 471302),
(226, 1, '0000-00-00', 45, 44, 45, 44, 270371),
(227, 1, '0000-00-00', 44, 44, 44, 44, 514540),
(228, 1, '0000-00-00', 44, 44, 45, 44, 986153),
(229, 1, '0000-00-00', 44, 45, 46, 45, 453651),
(230, 1, '0000-00-00', 45, 44, 45, 44, 945336),
(231, 1, '0000-00-00', 44, 43, 44, 43, 894806),
(232, 1, '0000-00-00', 43, 44, 44, 43, 708079),
(233, 1, '0000-00-00', 44, 45, 45, 45, 822633),
(234, 1, '0000-00-00', 45, 46, 47, 46, 823083),
(235, 1, '0000-00-00', 46, 46, 46, 45, 327171),
(236, 1, '0000-00-00', 46, 47, 47, 46, 913854),
(237, 1, '0000-00-00', 47, 48, 48, 47, 622239),
(238, 1, '0000-00-00', 48, 47, 47, 46, 668559),
(239, 1, '0000-00-00', 47, 46, 47, 46, 859645),
(240, 1, '0000-00-00', 46, 47, 48, 47, 778235),
(241, 1, '0000-00-00', 47, 49, 50, 49, 477458),
(242, 1, '0000-00-00', 49, 50, 50, 49, 815513),
(243, 1, '0000-00-00', 50, 50, 50, 49, 478090),
(244, 1, '0000-00-00', 50, 51, 51, 50, 206340),
(245, 1, '0000-00-00', 51, 50, 51, 50, 610344),
(246, 1, '0000-00-00', 50, 49, 49, 48, 176255),
(247, 1, '0000-00-00', 49, 48, 48, 47, 870015),
(248, 1, '0000-00-00', 48, 49, 50, 49, 682589),
(249, 1, '0000-00-00', 49, 48, 49, 48, 521635),
(250, 1, '0000-00-00', 48, 49, 50, 49, 203744),
(251, 1, '0000-00-00', 49, 50, 50, 49, 650413),
(252, 1, '0000-00-00', 50, 49, 49, 48, 731708),
(253, 1, '0000-00-00', 49, 50, 50, 49, 640801),
(254, 1, '0000-00-00', 50, 51, 52, 51, 206679),
(255, 1, '0000-00-00', 51, 53, 53, 52, 645933),
(256, 1, '0000-00-00', 53, 54, 55, 54, 135315),
(257, 1, '0000-00-00', 54, 55, 56, 55, 548150),
(258, 1, '0000-00-00', 55, 57, 57, 56, 476264),
(259, 1, '0000-00-00', 57, 55, 56, 55, 676384),
(260, 1, '0000-00-00', 55, 54, 55, 54, 724912),
(261, 1, '0000-00-00', 54, 56, 57, 56, 547246),
(262, 1, '0000-00-00', 56, 58, 58, 57, 548170),
(263, 1, '0000-00-00', 58, 59, 60, 59, 269708),
(264, 1, '0000-00-00', 59, 60, 61, 59, 650977),
(265, 1, '0000-00-00', 60, 61, 62, 60, 342347),
(266, 1, '0000-00-00', 61, 63, 64, 63, 780020),
(267, 1, '0000-00-00', 63, 62, 63, 61, 573743),
(268, 1, '0000-00-00', 62, 61, 62, 61, 257012),
(269, 1, '0000-00-00', 61, 60, 60, 59, 164127),
(270, 1, '0000-00-00', 60, 60, 61, 59, 454640),
(271, 1, '0000-00-00', 60, 60, 61, 60, 141487),
(272, 1, '0000-00-00', 60, 61, 62, 61, 797283),
(273, 1, '0000-00-00', 61, 60, 60, 59, 932545),
(274, 1, '0000-00-00', 60, 61, 61, 60, 413301),
(275, 1, '0000-00-00', 61, 60, 61, 59, 910435),
(276, 1, '0000-00-00', 60, 62, 62, 61, 272219),
(277, 1, '0000-00-00', 62, 63, 64, 62, 881672),
(278, 1, '0000-00-00', 63, 64, 65, 63, 146140),
(279, 1, '0000-00-00', 64, 66, 67, 66, 369247),
(280, 1, '0000-00-00', 66, 65, 65, 64, 495600),
(281, 1, '0000-00-00', 65, 67, 68, 66, 455697),
(282, 1, '0000-00-00', 67, 68, 69, 68, 534928),
(283, 1, '0000-00-00', 68, 68, 69, 67, 894750),
(284, 1, '0000-00-00', 68, 69, 69, 68, 896900),
(285, 1, '0000-00-00', 69, 71, 72, 71, 682551),
(286, 1, '0000-00-00', 71, 70, 70, 69, 859470),
(287, 1, '0000-00-00', 70, 72, 73, 71, 410112),
(288, 1, '0000-00-00', 72, 72, 73, 71, 729036),
(289, 1, '0000-00-00', 72, 73, 73, 72, 966121),
(290, 1, '0000-00-00', 73, 72, 73, 72, 605340),
(291, 1, '0000-00-00', 72, 74, 75, 74, 873231),
(292, 1, '0000-00-00', 74, 76, 77, 75, 981570),
(293, 1, '0000-00-00', 76, 75, 76, 74, 545165),
(294, 1, '0000-00-00', 75, 75, 76, 74, 472176),
(295, 1, '0000-00-00', 75, 74, 75, 74, 176864),
(296, 1, '0000-00-00', 74, 73, 74, 72, 248831),
(297, 1, '0000-00-00', 73, 75, 76, 75, 602636),
(298, 1, '0000-00-00', 75, 78, 79, 77, 172739),
(299, 1, '0000-00-00', 78, 78, 79, 78, 559621),
(300, 1, '0000-00-00', 78, 80, 81, 79, 637388),
(301, 1, '0000-00-00', 80, 81, 82, 81, 598960),
(302, 1, '0000-00-00', 81, 81, 82, 81, 463242),
(303, 1, '0000-00-00', 81, 83, 84, 82, 668122),
(304, 1, '0000-00-00', 83, 85, 85, 84, 323343),
(305, 1, '0000-00-00', 85, 86, 87, 86, 984927),
(306, 1, '0000-00-00', 86, 85, 86, 85, 599516),
(307, 1, '0000-00-00', 85, 89, 90, 88, 803799),
(308, 1, '0000-00-00', 89, 91, 92, 90, 863196),
(309, 1, '0000-00-00', 91, 93, 94, 92, 872287),
(310, 1, '0000-00-00', 93, 97, 98, 96, 814162),
(311, 1, '0000-00-00', 97, 100, 101, 99, 792213),
(312, 1, '0000-00-00', 100, 104, 105, 103, 476587),
(313, 1, '0000-00-00', 104, 104, 105, 103, 667119),
(314, 1, '0000-00-00', 104, 102, 103, 101, 854967),
(315, 1, '0000-00-00', 102, 101, 102, 100, 849302),
(316, 1, '0000-00-00', 101, 101, 102, 100, 280795),
(317, 1, '0000-00-00', 101, 102, 103, 101, 513899),
(318, 1, '0000-00-00', 102, 102, 103, 101, 678384),
(319, 1, '0000-00-00', 102, 105, 106, 104, 317651),
(320, 1, '0000-00-00', 105, 107, 108, 106, 871691),
(321, 1, '0000-00-00', 107, 108, 109, 107, 299671),
(322, 1, '0000-00-00', 108, 109, 110, 108, 672427),
(323, 1, '0000-00-00', 109, 108, 110, 107, 127749),
(324, 1, '0000-00-00', 108, 110, 111, 109, 830327),
(325, 1, '0000-00-00', 110, 109, 110, 108, 773807),
(326, 1, '0000-00-00', 109, 109, 111, 108, 466132),
(327, 1, '0000-00-00', 109, 113, 114, 112, 943275),
(328, 1, '0000-00-00', 113, 114, 115, 113, 841503),
(329, 1, '0000-00-00', 114, 117, 118, 116, 943009),
(330, 1, '0000-00-00', 117, 118, 119, 117, 656642),
(331, 1, '0000-00-00', 118, 115, 116, 114, 694010),
(332, 1, '0000-00-00', 115, 114, 115, 113, 258081),
(333, 1, '0000-00-00', 114, 113, 115, 112, 240068),
(334, 1, '0000-00-00', 113, 115, 116, 114, 334476),
(335, 1, '0000-00-00', 115, 119, 120, 118, 542049),
(336, 1, '0000-00-00', 119, 124, 125, 122, 989464),
(337, 1, '0000-00-00', 124, 122, 123, 121, 390565),
(338, 1, '0000-00-00', 122, 120, 121, 119, 367327),
(339, 1, '0000-00-00', 120, 118, 119, 117, 471653),
(340, 1, '0000-00-00', 118, 122, 124, 121, 821164),
(341, 1, '0000-00-00', 122, 125, 126, 124, 162282),
(342, 1, '0000-00-00', 125, 126, 127, 125, 401713),
(343, 1, '0000-00-00', 126, 126, 127, 125, 816084),
(344, 1, '0000-00-00', 126, 127, 128, 126, 859263),
(345, 1, '0000-00-00', 127, 124, 125, 123, 995733),
(346, 1, '0000-00-00', 124, 125, 127, 124, 704494),
(347, 1, '0000-00-00', 125, 127, 129, 126, 987041),
(348, 1, '0000-00-00', 127, 129, 130, 127, 714632),
(349, 1, '0000-00-00', 129, 134, 135, 132, 713624),
(350, 1, '0000-00-00', 134, 131, 132, 130, 666070),
(351, 1, '0000-00-00', 131, 131, 133, 130, 654192),
(352, 1, '0000-00-00', 131, 134, 135, 132, 368530),
(353, 1, '0000-00-00', 134, 135, 137, 134, 742124),
(354, 1, '0000-00-00', 135, 137, 138, 135, 621886),
(355, 1, '0000-00-00', 137, 136, 138, 135, 192401),
(356, 1, '0000-00-00', 136, 135, 136, 133, 785110),
(357, 1, '0000-00-00', 135, 135, 136, 134, 405167),
(358, 1, '0000-00-00', 135, 134, 135, 132, 116911),
(359, 1, '0000-00-00', 134, 130, 132, 129, 575800),
(360, 1, '0000-00-00', 130, 127, 128, 126, 859406),
(361, 1, '0000-00-00', 127, 124, 125, 123, 695233),
(362, 1, '0000-00-00', 124, 127, 128, 126, 236829),
(363, 1, '0000-00-00', 127, 131, 132, 130, 883808),
(364, 1, '0000-00-00', 131, 135, 136, 133, 749476),
(365, 1, '0000-00-00', 135, 135, 136, 133, 542346),
(366, 1, '0000-00-00', 135, 137, 138, 135, 954482),
(367, 1, '0000-00-00', 137, 137, 139, 136, 324421),
(368, 1, '0000-00-00', 137, 142, 144, 141, 806945),
(369, 1, '0000-00-00', 142, 143, 145, 142, 424093),
(370, 1, '0000-00-00', 143, 145, 147, 144, 235024),
(371, 1, '0000-00-00', 145, 143, 144, 141, 568887),
(372, 1, '0000-00-00', 143, 145, 147, 144, 655154),
(373, 1, '0000-00-00', 145, 148, 150, 147, 886299),
(374, 1, '0000-00-00', 148, 147, 148, 145, 930587),
(375, 1, '0000-00-00', 147, 149, 151, 148, 565458),
(376, 1, '0000-00-00', 149, 150, 152, 149, 944646),
(377, 1, '0000-00-00', 150, 153, 154, 151, 678466),
(378, 1, '0000-00-00', 153, 149, 150, 147, 965182),
(379, 1, '0000-00-00', 149, 145, 147, 144, 305716),
(380, 1, '0000-00-00', 145, 149, 151, 148, 866689),
(381, 1, '0000-00-00', 149, 147, 148, 145, 589304),
(382, 1, '0000-00-00', 147, 151, 153, 150, 969893),
(383, 1, '0000-00-00', 151, 150, 152, 149, 589119),
(384, 1, '0000-00-00', 150, 147, 149, 146, 741773),
(385, 1, '0000-00-00', 147, 149, 150, 147, 882691),
(386, 1, '0000-00-00', 149, 149, 150, 147, 358712),
(387, 1, '0000-00-00', 149, 153, 154, 151, 638191),
(388, 1, '0000-00-00', 153, 149, 150, 147, 479366),
(389, 1, '0000-00-00', 149, 153, 154, 151, 417929),
(390, 1, '0000-00-00', 153, 152, 154, 151, 383966),
(391, 1, '0000-00-00', 152, 155, 156, 153, 585227),
(392, 1, '0000-00-00', 155, 155, 157, 154, 644905),
(393, 1, '0000-00-00', 155, 156, 158, 155, 821443),
(394, 1, '0000-00-00', 156, 156, 158, 155, 369960),
(395, 1, '0000-00-00', 156, 161, 163, 159, 762406),
(396, 1, '0000-00-00', 161, 159, 160, 157, 327550),
(397, 1, '0000-00-00', 159, 164, 165, 162, 588019),
(398, 1, '0000-00-00', 164, 159, 161, 158, 206120),
(399, 1, '0000-00-00', 159, 156, 157, 154, 788427),
(400, 1, '0000-00-00', 156, 152, 154, 151, 733396),
(401, 1, '0000-00-00', 152, 149, 150, 147, 362238),
(402, 1, '0000-00-00', 149, 150, 151, 148, 887996),
(403, 1, '0000-00-00', 150, 152, 153, 150, 417404),
(404, 1, '0000-00-00', 152, 158, 159, 156, 518376),
(405, 1, '0000-00-00', 158, 162, 164, 161, 169967),
(406, 1, '0000-00-00', 162, 168, 169, 166, 399849),
(407, 1, '0000-00-00', 168, 166, 168, 165, 784030),
(408, 1, '0000-00-00', 166, 168, 170, 166, 664312),
(409, 1, '0000-00-00', 168, 168, 170, 166, 980313),
(410, 1, '0000-00-00', 168, 172, 174, 171, 967954),
(411, 1, '0000-00-00', 172, 176, 177, 174, 929694),
(412, 1, '0000-00-00', 176, 177, 179, 175, 572294),
(413, 1, '0000-00-00', 177, 175, 177, 173, 395129),
(414, 1, '0000-00-00', 175, 176, 178, 174, 718627),
(415, 1, '0000-00-00', 176, 174, 176, 172, 543814),
(416, 1, '0000-00-00', 174, 177, 179, 176, 220030),
(417, 1, '0000-00-00', 177, 182, 184, 180, 157808),
(418, 1, '0000-00-00', 182, 181, 183, 179, 538280),
(419, 1, '0000-00-00', 181, 185, 187, 183, 581801),
(420, 1, '0000-00-00', 185, 192, 194, 190, 655494),
(421, 1, '0000-00-00', 192, 193, 195, 192, 586527),
(422, 1, '0000-00-00', 193, 200, 202, 198, 547202),
(423, 1, '0000-00-00', 200, 206, 208, 204, 690302),
(424, 1, '0000-00-00', 206, 205, 207, 203, 992484),
(425, 1, '0000-00-00', 205, 209, 211, 207, 163226),
(426, 1, '0000-00-00', 209, 212, 214, 210, 825869),
(427, 1, '0000-00-00', 212, 208, 210, 206, 472467),
(428, 1, '0000-00-00', 208, 206, 208, 204, 929971),
(429, 1, '0000-00-00', 206, 209, 211, 207, 905022),
(430, 1, '0000-00-00', 209, 215, 217, 213, 326583),
(431, 1, '0000-00-00', 215, 212, 214, 210, 428244),
(432, 1, '0000-00-00', 212, 217, 219, 215, 800338),
(433, 1, '0000-00-00', 217, 226, 228, 223, 184423),
(434, 1, '0000-00-00', 226, 234, 236, 231, 669604),
(435, 1, '0000-00-00', 234, 227, 230, 225, 610733),
(436, 1, '0000-00-00', 227, 234, 236, 231, 190833),
(437, 1, '0000-00-00', 234, 235, 237, 232, 919041),
(438, 1, '0000-00-00', 235, 233, 236, 231, 825878),
(439, 1, '0000-00-00', 233, 232, 234, 230, 515324),
(440, 1, '0000-00-00', 232, 231, 233, 228, 492973),
(441, 1, '0000-00-00', 231, 234, 236, 231, 355856),
(442, 1, '0000-00-00', 234, 241, 244, 239, 903070),
(443, 1, '0000-00-00', 241, 239, 242, 237, 888229),
(444, 1, '0000-00-00', 239, 240, 243, 238, 299989),
(445, 1, '0000-00-00', 240, 235, 238, 233, 408111),
(446, 1, '0000-00-00', 235, 235, 238, 233, 884045),
(447, 1, '0000-00-00', 235, 241, 244, 239, 981684),
(448, 1, '0000-00-00', 241, 236, 238, 233, 233178),
(449, 1, '0000-00-00', 236, 244, 246, 241, 650090),
(450, 1, '0000-00-00', 244, 238, 240, 235, 702222),
(451, 1, '0000-00-00', 238, 234, 236, 231, 198925),
(452, 1, '0000-00-00', 234, 228, 231, 226, 534248),
(453, 1, '0000-00-00', 228, 235, 237, 232, 916832),
(454, 1, '0000-00-00', 235, 232, 234, 230, 906985),
(455, 1, '0000-00-00', 232, 238, 240, 236, 233921),
(456, 1, '0000-00-00', 238, 245, 247, 242, 325786),
(457, 1, '0000-00-00', 245, 245, 247, 243, 711906),
(458, 1, '0000-00-00', 245, 242, 244, 239, 109615),
(459, 1, '0000-00-00', 242, 250, 253, 248, 859661),
(460, 1, '0000-00-00', 250, 248, 251, 246, 267424),
(461, 1, '0000-00-00', 248, 248, 250, 245, 955769),
(462, 1, '0000-00-00', 248, 248, 251, 246, 163541),
(463, 1, '0000-00-00', 248, 244, 246, 241, 572187),
(464, 1, '0000-00-00', 244, 241, 243, 238, 554182),
(465, 1, '0000-00-00', 241, 239, 241, 237, 339978),
(466, 1, '0000-00-00', 239, 233, 236, 231, 499164),
(467, 1, '0000-00-00', 233, 238, 240, 235, 689233),
(468, 1, '0000-00-00', 238, 236, 238, 234, 784382),
(469, 1, '0000-00-00', 236, 245, 248, 243, 253769),
(470, 1, '0000-00-00', 245, 247, 250, 245, 587144),
(471, 1, '0000-00-00', 247, 243, 245, 240, 563349),
(472, 1, '0000-00-00', 243, 240, 242, 238, 966522),
(473, 1, '0000-00-00', 240, 249, 252, 247, 412816),
(474, 1, '0000-00-00', 249, 252, 255, 250, 910461),
(475, 1, '0000-00-00', 252, 261, 263, 258, 939017),
(476, 1, '0000-00-00', 261, 266, 269, 264, 424304),
(477, 1, '0000-00-00', 266, 264, 267, 261, 536448),
(478, 1, '0000-00-00', 264, 266, 269, 263, 546875),
(479, 1, '0000-00-00', 266, 262, 264, 259, 453489),
(480, 1, '0000-00-00', 262, 271, 274, 268, 532556),
(481, 1, '0000-00-00', 271, 271, 274, 269, 168176),
(482, 1, '0000-00-00', 271, 277, 280, 274, 111165),
(483, 1, '0000-00-00', 277, 284, 287, 281, 364076),
(484, 1, '0000-00-00', 284, 277, 280, 275, 623797),
(485, 1, '0000-00-00', 277, 278, 280, 275, 167738),
(486, 1, '0000-00-00', 278, 280, 283, 277, 651209),
(487, 1, '0000-00-00', 280, 274, 277, 271, 669547),
(488, 1, '0000-00-00', 274, 273, 276, 270, 909723),
(489, 1, '0000-00-00', 273, 270, 273, 268, 683228),
(490, 1, '0000-00-00', 270, 264, 266, 261, 372442),
(491, 1, '0000-00-00', 264, 263, 266, 261, 945941),
(492, 1, '0000-00-00', 263, 261, 263, 258, 142749),
(493, 1, '0000-00-00', 261, 271, 274, 268, 655641),
(494, 1, '0000-00-00', 271, 268, 271, 266, 107626),
(495, 1, '0000-00-00', 268, 268, 270, 265, 466048),
(496, 1, '0000-00-00', 268, 270, 272, 267, 868582),
(497, 1, '0000-00-00', 270, 273, 275, 270, 498738),
(498, 1, '0000-00-00', 273, 280, 282, 277, 372393),
(499, 1, '0000-00-00', 280, 285, 288, 282, 132762),
(500, 1, '0000-00-00', 285, 292, 295, 289, 244739),
(501, 1, '0000-00-00', 292, 289, 292, 286, 489272),
(502, 1, '0000-00-00', 289, 292, 295, 289, 856868),
(503, 1, '0000-00-00', 292, 299, 302, 296, 156976),
(504, 1, '0000-00-00', 299, 302, 305, 299, 573070),
(505, 1, '0000-00-00', 302, 303, 306, 300, 654703),
(506, 1, '0000-00-00', 303, 311, 314, 308, 526219),
(507, 1, '0000-00-00', 311, 317, 320, 314, 396657),
(508, 1, '0000-00-00', 317, 310, 313, 306, 520704),
(509, 1, '0000-00-00', 310, 322, 325, 319, 243613),
(510, 1, '0000-00-00', 322, 323, 326, 320, 245768),
(511, 1, '0000-00-00', 323, 324, 328, 321, 375870),
(512, 1, '0000-00-00', 324, 335, 338, 331, 535818),
(513, 1, '0000-00-00', 335, 345, 348, 341, 608047),
(514, 1, '0000-00-00', 345, 358, 362, 355, 805065),
(515, 1, '0000-00-00', 358, 368, 372, 364, 235268),
(516, 1, '0000-00-00', 368, 360, 364, 356, 666630),
(517, 1, '0000-00-00', 360, 363, 367, 359, 970355),
(518, 1, '0000-00-00', 363, 367, 370, 363, 911819),
(519, 1, '0000-00-00', 367, 364, 368, 360, 629209),
(520, 1, '0000-00-00', 364, 367, 370, 363, 271157),
(521, 1, '0000-00-00', 367, 379, 383, 375, 205965),
(522, 1, '0000-00-00', 379, 370, 374, 367, 147557),
(523, 1, '0000-00-00', 370, 369, 373, 365, 226978),
(524, 1, '0000-00-00', 369, 371, 374, 367, 472957),
(525, 1, '0000-00-00', 371, 383, 387, 380, 291607),
(526, 1, '0000-00-00', 383, 387, 391, 383, 263790),
(527, 1, '0000-00-00', 387, 389, 393, 385, 155979),
(528, 1, '0000-00-00', 389, 396, 400, 392, 293282),
(529, 1, '0000-00-00', 396, 411, 416, 407, 593347),
(530, 1, '0000-00-00', 411, 411, 415, 407, 136990),
(531, 1, '0000-00-00', 411, 411, 416, 407, 160450),
(532, 1, '0000-00-00', 411, 412, 416, 408, 593667),
(533, 1, '0000-00-00', 412, 412, 416, 408, 610073),
(534, 1, '0000-00-00', 412, 404, 408, 400, 303427),
(535, 1, '0000-00-00', 404, 394, 398, 390, 736698),
(536, 1, '0000-00-00', 394, 399, 403, 395, 277506),
(537, 1, '0000-00-00', 399, 413, 417, 409, 883040),
(538, 1, '0000-00-00', 413, 410, 414, 405, 173677),
(539, 1, '0000-00-00', 410, 414, 418, 410, 607489),
(540, 1, '0000-00-00', 414, 413, 417, 409, 644235),
(541, 1, '0000-00-00', 413, 404, 408, 400, 592346),
(542, 1, '0000-00-00', 404, 399, 403, 395, 615973),
(543, 1, '0000-00-00', 399, 397, 401, 393, 894025),
(544, 1, '0000-00-00', 397, 390, 394, 386, 619158),
(545, 1, '0000-00-00', 390, 397, 401, 393, 690460),
(546, 1, '0000-00-00', 397, 405, 409, 401, 264375),
(547, 1, '0000-00-00', 405, 420, 424, 416, 227618),
(548, 1, '0000-00-00', 420, 418, 422, 414, 499181),
(549, 1, '0000-00-00', 418, 422, 426, 418, 866266),
(550, 1, '0000-00-00', 422, 417, 421, 413, 698405),
(551, 1, '0000-00-00', 417, 420, 425, 416, 484864),
(552, 1, '0000-00-00', 420, 413, 417, 408, 276930),
(553, 1, '0000-00-00', 413, 420, 425, 416, 344093),
(554, 1, '0000-00-00', 420, 415, 419, 411, 101269),
(555, 1, '0000-00-00', 415, 410, 414, 406, 976936),
(556, 1, '0000-00-00', 410, 407, 411, 403, 860783),
(557, 1, '0000-00-00', 407, 408, 412, 404, 778611),
(558, 1, '0000-00-00', 408, 422, 426, 418, 393161),
(559, 1, '0000-00-00', 422, 437, 441, 432, 658607),
(560, 1, '0000-00-00', 437, 449, 454, 445, 990010),
(561, 1, '0000-00-00', 449, 448, 452, 443, 228106),
(562, 1, '0000-00-00', 448, 451, 455, 446, 121967),
(563, 1, '0000-00-00', 451, 459, 464, 455, 212795),
(564, 1, '0000-00-00', 459, 469, 474, 465, 716295),
(565, 1, '0000-00-00', 469, 472, 477, 468, 891319),
(566, 1, '0000-00-00', 472, 487, 492, 482, 885929),
(567, 1, '0000-00-00', 487, 504, 509, 499, 455856),
(568, 1, '0000-00-00', 504, 511, 516, 506, 725915),
(569, 1, '0000-00-00', 511, 519, 525, 514, 331347),
(570, 1, '0000-00-00', 519, 524, 529, 518, 206386),
(571, 1, '0000-00-00', 524, 527, 533, 522, 652073),
(572, 1, '0000-00-00', 527, 546, 552, 541, 875228),
(573, 1, '0000-00-00', 546, 532, 538, 527, 228067),
(574, 1, '0000-00-00', 532, 540, 546, 535, 290510),
(575, 1, '0000-00-00', 540, 544, 549, 538, 336693),
(576, 1, '0000-00-00', 544, 560, 566, 555, 330930),
(577, 1, '0000-00-00', 560, 582, 587, 576, 146276),
(578, 1, '0000-00-00', 582, 595, 601, 589, 226798),
(579, 1, '0000-00-00', 595, 606, 612, 599, 462783),
(580, 1, '0000-00-00', 606, 621, 627, 615, 690976),
(581, 1, '0000-00-00', 621, 611, 617, 604, 355725),
(582, 1, '0000-00-00', 611, 622, 628, 616, 646911),
(583, 1, '0000-00-00', 622, 626, 632, 620, 692342),
(584, 1, '0000-00-00', 626, 639, 646, 633, 572275),
(585, 1, '0000-00-00', 639, 659, 666, 652, 670930),
(586, 1, '0000-00-00', 659, 674, 681, 668, 929009),
(587, 1, '0000-00-00', 674, 665, 671, 658, 438700),
(588, 1, '0000-00-00', 665, 667, 674, 660, 528497),
(589, 1, '0000-00-00', 667, 672, 679, 665, 322874),
(590, 1, '0000-00-00', 672, 688, 695, 681, 803531),
(591, 1, '0000-00-00', 688, 679, 686, 672, 708907),
(592, 1, '0000-00-00', 679, 699, 706, 692, 244107),
(593, 1, '0000-00-00', 699, 709, 716, 702, 975439),
(594, 1, '0000-00-00', 709, 718, 725, 711, 587382),
(595, 1, '0000-00-00', 718, 733, 740, 726, 112987),
(596, 1, '0000-00-00', 733, 744, 752, 737, 286435),
(597, 1, '0000-00-00', 744, 770, 778, 762, 871552),
(598, 1, '0000-00-00', 770, 761, 769, 754, 657110),
(599, 1, '0000-00-00', 761, 788, 796, 780, 760570),
(600, 1, '0000-00-00', 788, 793, 801, 786, 616360),
(601, 1, '0000-00-00', 793, 814, 822, 806, 181334),
(602, 1, '0000-00-00', 814, 818, 826, 810, 218404),
(603, 1, '0000-00-00', 818, 827, 835, 819, 320097),
(604, 1, '0000-00-00', 827, 855, 863, 846, 491145),
(605, 1, '0000-00-00', 855, 887, 896, 878, 328930),
(606, 1, '0000-00-00', 887, 887, 896, 878, 522489),
(607, 1, '0000-00-00', 887, 920, 930, 911, 429517),
(608, 1, '0000-00-00', 920, 946, 956, 937, 288308),
(609, 1, '0000-00-00', 946, 959, 968, 949, 856005),
(610, 1, '0000-00-00', 959, 979, 988, 969, 922787),
(611, 1, '0000-00-00', 979, 967, 977, 958, 734766),
(612, 1, '0000-00-00', 967, 990, 1000, 980, 819595),
(613, 1, '0000-00-00', 990, 1016, 1027, 1006, 488940),
(614, 1, '0000-00-00', 1016, 1050, 1061, 1040, 646290),
(615, 1, '0000-00-00', 1050, 1057, 1067, 1046, 503070),
(616, 1, '0000-00-00', 1057, 1038, 1049, 1028, 783578),
(617, 1, '0000-00-00', 1038, 1065, 1075, 1054, 527202),
(618, 1, '0000-00-00', 1065, 1060, 1070, 1049, 856645),
(619, 1, '0000-00-00', 1060, 1062, 1072, 1051, 475938),
(620, 1, '0000-00-00', 1062, 1096, 1107, 1085, 791056),
(621, 1, '0000-00-00', 1096, 1095, 1106, 1084, 802240),
(622, 1, '0000-00-00', 1095, 1135, 1147, 1124, 561450),
(623, 1, '0000-00-00', 1135, 1147, 1158, 1135, 105871),
(624, 1, '0000-00-00', 1147, 1163, 1174, 1151, 186558),
(625, 1, '0000-00-00', 1163, 1133, 1144, 1122, 467034),
(626, 1, '0000-00-00', 1133, 1122, 1133, 1111, 331481),
(627, 1, '0000-00-00', 1122, 1114, 1125, 1102, 600560),
(628, 1, '0000-00-00', 1114, 1091, 1102, 1080, 290709),
(629, 1, '0000-00-00', 1091, 1122, 1133, 1111, 162891),
(630, 1, '0000-00-00', 1122, 1134, 1145, 1122, 168755),
(631, 1, '0000-00-00', 1134, 1134, 1145, 1122, 984151),
(632, 1, '0000-00-00', 1134, 1153, 1164, 1141, 127406),
(633, 1, '0000-00-00', 1153, 1180, 1191, 1168, 288374),
(634, 1, '0000-00-00', 1180, 1174, 1186, 1162, 916713),
(635, 1, '0000-00-00', 1174, 1219, 1232, 1207, 103328),
(636, 1, '0000-00-00', 1219, 1258, 1270, 1245, 785197),
(637, 1, '0000-00-00', 1258, 1292, 1305, 1279, 292090),
(638, 1, '0000-00-00', 1292, 1324, 1337, 1311, 970563),
(639, 1, '0000-00-00', 1324, 1338, 1351, 1325, 451926),
(640, 1, '0000-00-00', 1338, 1344, 1358, 1331, 416137),
(641, 1, '0000-00-00', 1344, 1368, 1381, 1354, 644482),
(642, 1, '0000-00-00', 1368, 1337, 1350, 1323, 153279),
(643, 1, '0000-00-00', 1337, 1370, 1383, 1356, 448512),
(644, 1, '0000-00-00', 1370, 1377, 1391, 1363, 306415),
(645, 1, '0000-00-00', 1377, 1407, 1421, 1393, 756276),
(646, 1, '0000-00-00', 1407, 1457, 1471, 1442, 747513),
(647, 1, '0000-00-00', 1457, 1463, 1477, 1448, 378799),
(648, 1, '0000-00-00', 1463, 1508, 1523, 1493, 732902),
(649, 1, '0000-00-00', 1508, 1497, 1512, 1482, 994165),
(650, 1, '0000-00-00', 1497, 1462, 1476, 1447, 162882),
(651, 1, '0000-00-00', 1462, 1510, 1525, 1495, 850240),
(652, 1, '0000-00-00', 1510, 1564, 1579, 1548, 975947),
(653, 1, '0000-00-00', 1564, 1586, 1601, 1570, 726143),
(654, 1, '0000-00-00', 1586, 1591, 1607, 1575, 603332),
(655, 1, '0000-00-00', 1591, 1608, 1624, 1592, 743719),
(656, 1, '0000-00-00', 1608, 1643, 1660, 1627, 264357),
(657, 1, '0000-00-00', 1643, 1706, 1723, 1689, 873948),
(658, 1, '0000-00-00', 1706, 1689, 1705, 1672, 247226),
(659, 1, '0000-00-00', 1689, 1735, 1752, 1717, 846223),
(660, 1, '0000-00-00', 1735, 1752, 1770, 1735, 157554),
(661, 1, '0000-00-00', 1752, 1811, 1829, 1792, 472429),
(662, 1, '0000-00-00', 1811, 1817, 1835, 1798, 598773),
(663, 1, '0000-00-00', 1817, 1838, 1857, 1820, 871388),
(664, 1, '0000-00-00', 1838, 1881, 1900, 1862, 361719),
(665, 1, '0000-00-00', 1881, 1881, 1900, 1862, 593122),
(666, 1, '0000-00-00', 1881, 1924, 1943, 1905, 235305),
(667, 1, '0000-00-00', 1924, 1969, 1988, 1949, 222051),
(668, 1, '0000-00-00', 1969, 1996, 2016, 1976, 532007),
(669, 1, '0000-00-00', 1996, 2035, 2055, 2015, 692026),
(670, 1, '0000-00-00', 2035, 2054, 2074, 2033, 917197),
(671, 1, '0000-00-00', 2054, 2110, 2131, 2089, 535281),
(672, 1, '0000-00-00', 2110, 2168, 2189, 2146, 282998),
(673, 1, '0000-00-00', 2168, 2150, 2172, 2129, 250343),
(674, 1, '0000-00-00', 2150, 2149, 2170, 2127, 523939),
(675, 1, '0000-00-00', 2149, 2145, 2166, 2123, 318323),
(676, 1, '0000-00-00', 2145, 2158, 2179, 2136, 787481),
(677, 1, '0000-00-00', 2158, 2224, 2246, 2201, 768032),
(678, 1, '0000-00-00', 2224, 2210, 2232, 2188, 655084),
(679, 1, '0000-00-00', 2210, 2166, 2188, 2144, 367207),
(680, 1, '0000-00-00', 2166, 2228, 2251, 2206, 693936),
(681, 1, '0000-00-00', 2228, 2248, 2270, 2225, 909778),
(682, 1, '0000-00-00', 2248, 2300, 2323, 2277, 810094),
(683, 1, '0000-00-00', 2300, 2286, 2309, 2263, 153269),
(684, 1, '0000-00-00', 2286, 2266, 2289, 2244, 315118),
(685, 1, '0000-00-00', 2266, 2233, 2255, 2211, 870701),
(686, 1, '0000-00-00', 2233, 2312, 2335, 2289, 972927),
(687, 1, '0000-00-00', 2312, 2257, 2279, 2234, 689245),
(688, 1, '0000-00-00', 2257, 2273, 2296, 2250, 423645),
(689, 1, '0000-00-00', 2273, 2263, 2285, 2240, 339080),
(690, 1, '0000-00-00', 2263, 2291, 2314, 2268, 362393),
(691, 1, '0000-00-00', 2291, 2371, 2394, 2347, 900984),
(692, 1, '0000-00-00', 2371, 2331, 2354, 2308, 809908),
(693, 1, '0000-00-00', 2331, 2348, 2372, 2325, 949604),
(694, 1, '0000-00-00', 2348, 2325, 2348, 2301, 163165),
(695, 1, '0000-00-00', 2325, 2373, 2396, 2349, 740424),
(696, 1, '0000-00-00', 2373, 2357, 2380, 2333, 217363),
(697, 1, '0000-00-00', 2357, 2358, 2382, 2335, 656934),
(698, 1, '0000-00-00', 2358, 2387, 2411, 2363, 320932),
(699, 1, '0000-00-00', 2387, 2457, 2481, 2432, 850263),
(700, 1, '0000-00-00', 2457, 2463, 2488, 2439, 753238),
(701, 1, '0000-00-00', 2463, 2476, 2501, 2452, 385927),
(702, 1, '0000-00-00', 2476, 2498, 2523, 2473, 978334),
(703, 1, '0000-00-00', 2498, 2510, 2535, 2485, 627818),
(704, 1, '0000-00-00', 2510, 2464, 2489, 2440, 257800),
(705, 1, '0000-00-00', 2464, 2535, 2560, 2510, 560920),
(706, 1, '0000-00-00', 2535, 2576, 2601, 2550, 328276),
(707, 1, '0000-00-00', 2576, 2507, 2532, 2482, 766733),
(708, 1, '0000-00-00', 2507, 2450, 2475, 2426, 608839),
(709, 1, '0000-00-00', 2450, 2455, 2480, 2430, 943499),
(710, 1, '0000-00-00', 2455, 2466, 2491, 2442, 702048),
(711, 1, '0000-00-00', 2466, 2480, 2504, 2455, 760882),
(712, 1, '0000-00-00', 2480, 2508, 2533, 2483, 887051),
(713, 1, '0000-00-00', 2508, 2558, 2583, 2532, 144240),
(714, 1, '0000-00-00', 2558, 2631, 2658, 2605, 242200),
(715, 1, '0000-00-00', 2631, 2600, 2626, 2574, 704936),
(716, 1, '0000-00-00', 2600, 2646, 2673, 2620, 385975),
(717, 1, '0000-00-00', 2646, 2724, 2751, 2697, 810411),
(718, 1, '0000-00-00', 2724, 2806, 2834, 2778, 178630),
(719, 1, '0000-00-00', 2806, 2825, 2853, 2796, 162090),
(720, 1, '0000-00-00', 2825, 2785, 2813, 2757, 849272),
(721, 1, '0000-00-00', 2785, 2785, 2813, 2757, 592367),
(722, 1, '0000-00-00', 2785, 2744, 2772, 2717, 289686),
(723, 1, '0000-00-00', 2744, 2737, 2764, 2709, 881655),
(724, 1, '0000-00-00', 2737, 2708, 2735, 2681, 274791),
(725, 1, '0000-00-00', 2708, 2736, 2764, 2709, 697975),
(726, 1, '0000-00-00', 2736, 2709, 2736, 2682, 578903),
(727, 1, '0000-00-00', 2709, 2803, 2831, 2775, 405735),
(728, 1, '0000-00-00', 2803, 2794, 2822, 2766, 628123),
(729, 1, '0000-00-00', 2794, 2725, 2752, 2698, 690730),
(730, 1, '0000-00-00', 2725, 2739, 2767, 2712, 776719),
(731, 1, '0000-00-00', 2739, 2789, 2817, 2761, 177364),
(732, 2, '0000-00-00', 24, 24, 24, 24, 787908),
(733, 2, '0000-00-00', 24, 24, 24, 24, 915880),
(734, 2, '0000-00-00', 24, 24, 25, 24, 562440),
(735, 2, '0000-00-00', 24, 24, 24, 24, 555838),
(736, 2, '0000-00-00', 24, 23, 24, 23, 645729),
(737, 2, '0000-00-00', 23, 23, 24, 23, 749894),
(738, 2, '0000-00-00', 23, 23, 23, 23, 708773),
(739, 2, '0000-00-00', 23, 23, 23, 22, 672673),
(740, 2, '0000-00-00', 23, 23, 23, 23, 118206),
(741, 2, '0000-00-00', 23, 23, 23, 22, 225064),
(742, 2, '0000-00-00', 23, 22, 23, 22, 227384),
(743, 2, '0000-00-00', 22, 23, 23, 22, 350335),
(744, 2, '0000-00-00', 23, 23, 23, 23, 956071),
(745, 2, '0000-00-00', 23, 24, 24, 23, 173297),
(746, 2, '0000-00-00', 24, 23, 23, 23, 343441),
(747, 2, '0000-00-00', 23, 23, 24, 23, 623467),
(748, 2, '0000-00-00', 23, 24, 24, 24, 256030),
(749, 2, '0000-00-00', 24, 24, 25, 24, 425547),
(750, 2, '0000-00-00', 24, 25, 25, 24, 469176),
(751, 2, '0000-00-00', 25, 24, 25, 24, 124789),
(752, 2, '0000-00-00', 24, 24, 25, 24, 737395),
(753, 2, '0000-00-00', 24, 24, 24, 24, 680558),
(754, 2, '0000-00-00', 24, 24, 24, 24, 384419),
(755, 2, '0000-00-00', 24, 25, 25, 25, 250357),
(756, 2, '0000-00-00', 25, 25, 25, 24, 878858),
(757, 2, '0000-00-00', 25, 25, 25, 25, 977272),
(758, 2, '0000-00-00', 25, 24, 24, 24, 859904),
(759, 2, '0000-00-00', 24, 24, 24, 24, 338300),
(760, 2, '0000-00-00', 24, 24, 24, 24, 864017),
(761, 2, '0000-00-00', 24, 24, 25, 24, 193217),
(762, 2, '0000-00-00', 24, 25, 25, 25, 273309),
(763, 2, '0000-00-00', 25, 25, 26, 25, 485879),
(764, 2, '0000-00-00', 25, 26, 26, 26, 864336),
(765, 2, '0000-00-00', 26, 26, 26, 25, 650738),
(766, 2, '0000-00-00', 26, 27, 27, 26, 246692),
(767, 2, '0000-00-00', 27, 28, 28, 27, 605821),
(768, 2, '0000-00-00', 28, 28, 29, 28, 453861),
(769, 2, '0000-00-00', 28, 29, 29, 29, 650020),
(770, 2, '0000-00-00', 29, 30, 31, 30, 713101),
(771, 2, '0000-00-00', 30, 31, 31, 31, 389881),
(772, 2, '0000-00-00', 31, 32, 33, 32, 530356),
(773, 2, '0000-00-00', 32, 32, 32, 32, 765033),
(774, 2, '0000-00-00', 32, 33, 34, 33, 308224),
(775, 2, '0000-00-00', 33, 33, 34, 33, 893472),
(776, 2, '0000-00-00', 33, 33, 33, 33, 656116),
(777, 2, '0000-00-00', 33, 34, 34, 34, 789629),
(778, 2, '0000-00-00', 34, 35, 35, 34, 101196),
(779, 2, '0000-00-00', 35, 36, 36, 35, 334658),
(780, 2, '0000-00-00', 36, 36, 36, 35, 102084),
(781, 2, '0000-00-00', 36, 36, 36, 36, 784956),
(782, 2, '0000-00-00', 36, 36, 36, 35, 769098),
(783, 2, '0000-00-00', 36, 37, 37, 37, 153317),
(784, 2, '0000-00-00', 37, 37, 37, 37, 642054),
(785, 2, '0000-00-00', 37, 38, 39, 38, 118646),
(786, 2, '0000-00-00', 38, 39, 40, 39, 129558),
(787, 2, '0000-00-00', 39, 39, 39, 38, 203739),
(788, 2, '0000-00-00', 39, 39, 39, 38, 179694),
(789, 2, '0000-00-00', 39, 40, 40, 40, 763287),
(790, 2, '0000-00-00', 40, 39, 40, 39, 654552),
(791, 2, '0000-00-00', 39, 38, 39, 38, 913786),
(792, 2, '0000-00-00', 38, 37, 38, 37, 676729),
(793, 2, '0000-00-00', 37, 37, 37, 36, 587343),
(794, 2, '0000-00-00', 37, 38, 39, 38, 751781),
(795, 2, '0000-00-00', 38, 39, 39, 39, 595023),
(796, 2, '0000-00-00', 39, 39, 40, 39, 715645),
(797, 2, '0000-00-00', 39, 41, 41, 40, 219570),
(798, 2, '0000-00-00', 41, 41, 42, 41, 194259),
(799, 2, '0000-00-00', 41, 41, 41, 40, 844138),
(800, 2, '0000-00-00', 41, 40, 41, 40, 125562),
(801, 2, '0000-00-00', 40, 40, 40, 39, 974508),
(802, 2, '0000-00-00', 40, 39, 39, 38, 474285),
(803, 2, '0000-00-00', 39, 39, 40, 39, 384957),
(804, 2, '0000-00-00', 39, 40, 40, 39, 994738),
(805, 2, '0000-00-00', 40, 41, 42, 41, 578484),
(806, 2, '0000-00-00', 41, 40, 41, 40, 192457),
(807, 2, '0000-00-00', 40, 40, 40, 40, 933815),
(808, 2, '0000-00-00', 40, 39, 40, 39, 919259),
(809, 2, '0000-00-00', 39, 39, 39, 38, 809946),
(810, 2, '0000-00-00', 39, 39, 40, 39, 954756),
(811, 2, '0000-00-00', 39, 39, 39, 39, 442235),
(812, 2, '0000-00-00', 39, 40, 40, 39, 138824),
(813, 2, '0000-00-00', 40, 41, 41, 40, 653070),
(814, 2, '0000-00-00', 41, 42, 42, 41, 173033),
(815, 2, '0000-00-00', 42, 41, 42, 41, 109430),
(816, 2, '0000-00-00', 41, 42, 42, 42, 707129),
(817, 2, '0000-00-00', 42, 43, 43, 42, 495287),
(818, 2, '0000-00-00', 43, 43, 43, 43, 571943),
(819, 2, '0000-00-00', 43, 44, 44, 43, 223856),
(820, 2, '0000-00-00', 44, 43, 43, 43, 204012),
(821, 2, '0000-00-00', 43, 43, 43, 42, 353720),
(822, 2, '0000-00-00', 43, 43, 43, 43, 125525),
(823, 2, '0000-00-00', 43, 44, 44, 43, 324867),
(824, 2, '0000-00-00', 44, 44, 45, 44, 232225),
(825, 2, '0000-00-00', 44, 45, 46, 45, 824836),
(826, 2, '0000-00-00', 45, 45, 46, 45, 244346),
(827, 2, '0000-00-00', 45, 45, 45, 44, 272500),
(828, 2, '0000-00-00', 45, 45, 45, 44, 841122),
(829, 2, '0000-00-00', 45, 46, 47, 46, 569466),
(830, 2, '0000-00-00', 46, 48, 49, 48, 494807),
(831, 2, '0000-00-00', 48, 48, 48, 47, 803884),
(832, 2, '0000-00-00', 48, 47, 48, 47, 116838),
(833, 2, '0000-00-00', 47, 47, 47, 46, 331597),
(834, 2, '0000-00-00', 47, 48, 48, 47, 215322),
(835, 2, '0000-00-00', 48, 49, 49, 48, 291377),
(836, 2, '0000-00-00', 49, 48, 49, 48, 541635),
(837, 2, '0000-00-00', 48, 48, 48, 47, 396749),
(838, 2, '0000-00-00', 48, 47, 48, 47, 494196),
(839, 2, '0000-00-00', 47, 48, 48, 47, 917851),
(840, 2, '0000-00-00', 48, 48, 49, 48, 466216),
(841, 2, '0000-00-00', 48, 48, 48, 47, 932690),
(842, 2, '0000-00-00', 48, 47, 48, 47, 510021),
(843, 2, '0000-00-00', 47, 48, 48, 47, 121104),
(844, 2, '0000-00-00', 48, 49, 50, 49, 917002),
(845, 2, '0000-00-00', 49, 51, 52, 51, 787147),
(846, 2, '0000-00-00', 51, 50, 51, 50, 503629),
(847, 2, '0000-00-00', 50, 51, 52, 51, 391524),
(848, 2, '0000-00-00', 51, 52, 52, 51, 668860),
(849, 2, '0000-00-00', 52, 53, 54, 53, 367782),
(850, 2, '0000-00-00', 53, 53, 54, 53, 715594),
(851, 2, '0000-00-00', 53, 53, 54, 53, 468741),
(852, 2, '0000-00-00', 53, 55, 56, 55, 551382),
(853, 2, '0000-00-00', 55, 57, 58, 57, 165311),
(854, 2, '0000-00-00', 57, 59, 59, 58, 417376),
(855, 2, '0000-00-00', 59, 58, 59, 57, 983366),
(856, 2, '0000-00-00', 58, 58, 59, 57, 197526),
(857, 2, '0000-00-00', 58, 58, 58, 57, 661290),
(858, 2, '0000-00-00', 58, 59, 59, 58, 658097),
(859, 2, '0000-00-00', 59, 58, 59, 57, 117504),
(860, 2, '0000-00-00', 58, 57, 57, 56, 370870),
(861, 2, '0000-00-00', 57, 58, 59, 58, 286443),
(862, 2, '0000-00-00', 58, 59, 60, 59, 922492),
(863, 2, '0000-00-00', 59, 60, 61, 60, 107364),
(864, 2, '0000-00-00', 60, 60, 60, 59, 962186),
(865, 2, '0000-00-00', 60, 62, 63, 61, 358904),
(866, 2, '0000-00-00', 62, 63, 64, 62, 925341),
(867, 2, '0000-00-00', 63, 63, 63, 62, 524051),
(868, 2, '0000-00-00', 63, 63, 64, 62, 725734),
(869, 2, '0000-00-00', 63, 64, 64, 63, 973919),
(870, 2, '0000-00-00', 64, 66, 67, 65, 643938),
(871, 2, '0000-00-00', 66, 67, 68, 67, 994260),
(872, 2, '0000-00-00', 67, 68, 69, 67, 679753),
(873, 2, '0000-00-00', 68, 67, 68, 66, 478034),
(874, 2, '0000-00-00', 67, 67, 68, 67, 282496),
(875, 2, '0000-00-00', 67, 68, 69, 67, 839838),
(876, 2, '0000-00-00', 68, 70, 71, 69, 994554),
(877, 2, '0000-00-00', 70, 73, 74, 72, 610410),
(878, 2, '0000-00-00', 73, 71, 72, 70, 250980),
(879, 2, '0000-00-00', 71, 72, 72, 71, 754988),
(880, 2, '0000-00-00', 72, 71, 71, 70, 127183),
(881, 2, '0000-00-00', 71, 73, 74, 73, 702757),
(882, 2, '0000-00-00', 73, 75, 76, 74, 749692),
(883, 2, '0000-00-00', 75, 73, 74, 73, 784128),
(884, 2, '0000-00-00', 73, 71, 72, 71, 500308),
(885, 2, '0000-00-00', 71, 72, 72, 71, 350190),
(886, 2, '0000-00-00', 72, 70, 70, 69, 595856),
(887, 2, '0000-00-00', 70, 68, 69, 68, 325625),
(888, 2, '0000-00-00', 68, 68, 69, 68, 206969),
(889, 2, '0000-00-00', 68, 67, 68, 66, 172368),
(890, 2, '0000-00-00', 67, 69, 70, 69, 557717),
(891, 2, '0000-00-00', 69, 69, 70, 69, 527910),
(892, 2, '0000-00-00', 69, 70, 71, 69, 467105),
(893, 2, '0000-00-00', 70, 71, 72, 70, 604371),
(894, 2, '0000-00-00', 71, 70, 71, 69, 990865),
(895, 2, '0000-00-00', 70, 69, 70, 69, 599336),
(896, 2, '0000-00-00', 69, 69, 70, 69, 863461),
(897, 2, '0000-00-00', 69, 71, 71, 70, 186851),
(898, 2, '0000-00-00', 71, 70, 71, 70, 263791),
(899, 2, '0000-00-00', 70, 70, 71, 70, 680375),
(900, 2, '0000-00-00', 70, 73, 73, 72, 864800),
(901, 2, '0000-00-00', 73, 74, 75, 73, 170264),
(902, 2, '0000-00-00', 74, 74, 75, 73, 398324),
(903, 2, '0000-00-00', 74, 74, 75, 74, 768959),
(904, 2, '0000-00-00', 74, 77, 78, 76, 715362),
(905, 2, '0000-00-00', 77, 79, 80, 78, 881564),
(906, 2, '0000-00-00', 79, 81, 82, 80, 735605),
(907, 2, '0000-00-00', 81, 84, 85, 83, 265773),
(908, 2, '0000-00-00', 84, 85, 86, 84, 668006),
(909, 2, '0000-00-00', 85, 85, 85, 84, 524266),
(910, 2, '0000-00-00', 85, 83, 84, 82, 520397),
(911, 2, '0000-00-00', 83, 83, 84, 83, 973316),
(912, 2, '0000-00-00', 83, 83, 84, 83, 975868),
(913, 2, '0000-00-00', 83, 81, 82, 81, 169579),
(914, 2, '0000-00-00', 81, 83, 84, 82, 420147),
(915, 2, '0000-00-00', 83, 84, 85, 84, 190739),
(916, 2, '0000-00-00', 84, 83, 84, 82, 263235),
(917, 2, '0000-00-00', 83, 81, 82, 80, 472545),
(918, 2, '0000-00-00', 81, 83, 84, 83, 506502),
(919, 2, '0000-00-00', 83, 84, 85, 84, 501975),
(920, 2, '0000-00-00', 84, 83, 84, 82, 133932),
(921, 2, '0000-00-00', 83, 82, 83, 81, 758115),
(922, 2, '0000-00-00', 82, 82, 83, 81, 595906),
(923, 2, '0000-00-00', 82, 84, 85, 83, 384600),
(924, 2, '0000-00-00', 84, 85, 86, 84, 465140),
(925, 2, '0000-00-00', 85, 88, 89, 87, 974360),
(926, 2, '0000-00-00', 88, 89, 89, 88, 938256),
(927, 2, '0000-00-00', 89, 91, 92, 90, 506952),
(928, 2, '0000-00-00', 91, 94, 95, 93, 281560),
(929, 2, '0000-00-00', 94, 96, 97, 95, 174030),
(930, 2, '0000-00-00', 96, 94, 95, 93, 305239),
(931, 2, '0000-00-00', 94, 95, 96, 94, 890325),
(932, 2, '0000-00-00', 95, 94, 95, 93, 123414),
(933, 2, '0000-00-00', 94, 94, 95, 93, 689744),
(934, 2, '0000-00-00', 94, 98, 99, 97, 345866),
(935, 2, '0000-00-00', 98, 98, 99, 97, 941339),
(936, 2, '0000-00-00', 98, 99, 100, 98, 759704),
(937, 2, '0000-00-00', 99, 100, 101, 99, 341967),
(938, 2, '0000-00-00', 100, 103, 104, 102, 366709),
(939, 2, '0000-00-00', 103, 105, 106, 104, 156730),
(940, 2, '0000-00-00', 105, 103, 104, 101, 548450),
(941, 2, '0000-00-00', 103, 103, 104, 102, 803562),
(942, 2, '0000-00-00', 103, 104, 105, 103, 258854),
(943, 2, '0000-00-00', 104, 102, 103, 101, 953151),
(944, 2, '0000-00-00', 102, 104, 105, 103, 986277),
(945, 2, '0000-00-00', 104, 104, 105, 103, 434698),
(946, 2, '0000-00-00', 104, 103, 104, 102, 363196),
(947, 2, '0000-00-00', 103, 104, 105, 103, 922623),
(948, 2, '0000-00-00', 104, 107, 108, 106, 510936),
(949, 2, '0000-00-00', 107, 106, 107, 105, 670910),
(950, 2, '0000-00-00', 106, 106, 108, 105, 968496),
(951, 2, '0000-00-00', 106, 106, 107, 105, 588172),
(952, 2, '0000-00-00', 106, 106, 107, 105, 449807),
(953, 2, '0000-00-00', 106, 107, 108, 106, 803653),
(954, 2, '0000-00-00', 107, 106, 107, 105, 264958),
(955, 2, '0000-00-00', 106, 106, 107, 105, 382298),
(956, 2, '0000-00-00', 106, 106, 107, 105, 799356),
(957, 2, '0000-00-00', 106, 110, 112, 109, 439617),
(958, 2, '0000-00-00', 110, 108, 109, 107, 823074),
(959, 2, '0000-00-00', 108, 108, 109, 107, 225400),
(960, 2, '0000-00-00', 108, 110, 111, 109, 798102),
(961, 2, '0000-00-00', 110, 107, 108, 106, 879061),
(962, 2, '0000-00-00', 107, 111, 112, 110, 735401),
(963, 2, '0000-00-00', 111, 109, 110, 108, 598209),
(964, 2, '0000-00-00', 109, 111, 112, 110, 703446),
(965, 2, '0000-00-00', 111, 115, 116, 114, 873476),
(966, 2, '0000-00-00', 115, 119, 120, 118, 626340),
(967, 2, '0000-00-00', 119, 117, 119, 116, 485454),
(968, 2, '0000-00-00', 117, 122, 123, 121, 247331),
(969, 2, '0000-00-00', 122, 122, 123, 121, 845336),
(970, 2, '0000-00-00', 122, 123, 124, 122, 255338),
(971, 2, '0000-00-00', 123, 123, 124, 122, 373794),
(972, 2, '0000-00-00', 123, 120, 121, 119, 619392),
(973, 2, '0000-00-00', 120, 122, 123, 121, 909712),
(974, 2, '0000-00-00', 122, 119, 120, 117, 698244),
(975, 2, '0000-00-00', 119, 118, 119, 117, 154229),
(976, 2, '0000-00-00', 118, 117, 119, 116, 330369),
(977, 2, '0000-00-00', 117, 115, 116, 114, 132029),
(978, 2, '0000-00-00', 115, 113, 114, 112, 676345),
(979, 2, '0000-00-00', 113, 117, 118, 116, 729116),
(980, 2, '0000-00-00', 117, 121, 122, 120, 903656),
(981, 2, '0000-00-00', 121, 118, 119, 117, 338911),
(982, 2, '0000-00-00', 118, 120, 122, 119, 963987),
(983, 2, '0000-00-00', 120, 120, 121, 119, 102254),
(984, 2, '0000-00-00', 120, 122, 123, 120, 274161),
(985, 2, '0000-00-00', 122, 119, 120, 118, 111528),
(986, 2, '0000-00-00', 119, 117, 118, 116, 778433),
(987, 2, '0000-00-00', 117, 114, 115, 113, 800764),
(988, 2, '0000-00-00', 114, 119, 120, 117, 216407),
(989, 2, '0000-00-00', 119, 120, 122, 119, 617032),
(990, 2, '0000-00-00', 120, 120, 121, 119, 920371),
(991, 2, '0000-00-00', 120, 118, 119, 117, 464481),
(992, 2, '0000-00-00', 118, 116, 117, 115, 398993),
(993, 2, '0000-00-00', 116, 113, 115, 112, 805235),
(994, 2, '0000-00-00', 113, 111, 112, 110, 675590),
(995, 2, '0000-00-00', 111, 115, 116, 114, 522386),
(996, 2, '0000-00-00', 115, 118, 119, 116, 956811),
(997, 2, '0000-00-00', 118, 122, 123, 120, 362306),
(998, 2, '0000-00-00', 122, 123, 125, 122, 450552),
(999, 2, '0000-00-00', 123, 126, 127, 124, 907930),
(1000, 2, '0000-00-00', 126, 128, 129, 127, 672732),
(1001, 2, '0000-00-00', 128, 132, 133, 131, 716541),
(1002, 2, '0000-00-00', 132, 135, 136, 133, 732398),
(1003, 2, '0000-00-00', 135, 134, 135, 133, 137661),
(1004, 2, '0000-00-00', 134, 136, 137, 134, 503888),
(1005, 2, '0000-00-00', 136, 137, 138, 136, 131543),
(1006, 2, '0000-00-00', 137, 135, 136, 133, 142723),
(1007, 2, '0000-00-00', 135, 133, 134, 131, 681658),
(1008, 2, '0000-00-00', 133, 133, 135, 132, 614264),
(1009, 2, '0000-00-00', 133, 131, 133, 130, 557861),
(1010, 2, '0000-00-00', 131, 135, 137, 134, 511348),
(1011, 2, '0000-00-00', 135, 132, 133, 130, 936770),
(1012, 2, '0000-00-00', 132, 136, 137, 135, 579604),
(1013, 2, '0000-00-00', 136, 132, 134, 131, 249405),
(1014, 2, '0000-00-00', 132, 137, 138, 135, 344730),
(1015, 2, '0000-00-00', 137, 138, 139, 137, 603547),
(1016, 2, '0000-00-00', 138, 135, 137, 134, 793505),
(1017, 2, '0000-00-00', 135, 133, 134, 132, 425127),
(1018, 2, '0000-00-00', 133, 130, 131, 128, 680602),
(1019, 2, '0000-00-00', 130, 133, 134, 132, 574078),
(1020, 2, '0000-00-00', 133, 138, 140, 137, 526596),
(1021, 2, '0000-00-00', 138, 143, 145, 142, 764642),
(1022, 2, '0000-00-00', 143, 141, 142, 140, 222801),
(1023, 2, '0000-00-00', 141, 138, 140, 137, 832396),
(1024, 2, '0000-00-00', 138, 135, 136, 133, 431098),
(1025, 2, '0000-00-00', 135, 131, 133, 130, 165871),
(1026, 2, '0000-00-00', 131, 128, 129, 127, 714387),
(1027, 2, '0000-00-00', 128, 129, 130, 128, 514441),
(1028, 2, '0000-00-00', 129, 130, 132, 129, 249011),
(1029, 2, '0000-00-00', 130, 129, 130, 127, 438474),
(1030, 2, '0000-00-00', 129, 128, 129, 126, 756313),
(1031, 2, '0000-00-00', 128, 129, 130, 128, 850139);
INSERT INTO `pricehistory` (`ID`, `CryptoID`, `Date`, `Open`, `Close`, `High`, `Low`, `Volume`) VALUES
(1032, 2, '0000-00-00', 129, 128, 129, 126, 862302),
(1033, 2, '0000-00-00', 128, 132, 133, 131, 638854),
(1034, 2, '0000-00-00', 132, 131, 132, 129, 316262),
(1035, 2, '0000-00-00', 131, 131, 132, 129, 538013),
(1036, 2, '0000-00-00', 131, 136, 137, 135, 406804),
(1037, 2, '0000-00-00', 136, 139, 140, 137, 709386),
(1038, 2, '0000-00-00', 139, 136, 138, 135, 398051),
(1039, 2, '0000-00-00', 136, 141, 143, 140, 429745),
(1040, 2, '0000-00-00', 141, 140, 142, 139, 192944),
(1041, 2, '0000-00-00', 140, 146, 147, 144, 214007),
(1042, 2, '0000-00-00', 146, 148, 150, 147, 583319),
(1043, 2, '0000-00-00', 148, 146, 148, 145, 779324),
(1044, 2, '0000-00-00', 146, 144, 145, 142, 427096),
(1045, 2, '0000-00-00', 144, 149, 150, 147, 175955),
(1046, 2, '0000-00-00', 149, 152, 154, 151, 352598),
(1047, 2, '0000-00-00', 152, 151, 153, 150, 691944),
(1048, 2, '0000-00-00', 151, 156, 157, 154, 936929),
(1049, 2, '0000-00-00', 156, 160, 162, 158, 509454),
(1050, 2, '0000-00-00', 160, 160, 162, 159, 328161),
(1051, 2, '0000-00-00', 160, 157, 159, 156, 245830),
(1052, 2, '0000-00-00', 157, 160, 162, 158, 196784),
(1053, 2, '0000-00-00', 160, 163, 165, 161, 288809),
(1054, 2, '0000-00-00', 163, 168, 170, 167, 910096),
(1055, 2, '0000-00-00', 168, 172, 173, 170, 538145),
(1056, 2, '0000-00-00', 172, 172, 173, 170, 476802),
(1057, 2, '0000-00-00', 172, 175, 176, 173, 969081),
(1058, 2, '0000-00-00', 175, 175, 177, 173, 496106),
(1059, 2, '0000-00-00', 175, 178, 179, 176, 209164),
(1060, 2, '0000-00-00', 178, 175, 177, 173, 216139),
(1061, 2, '0000-00-00', 175, 180, 182, 178, 105018),
(1062, 2, '0000-00-00', 180, 177, 179, 176, 797259),
(1063, 2, '0000-00-00', 177, 177, 179, 175, 872682),
(1064, 2, '0000-00-00', 177, 183, 185, 181, 542104),
(1065, 2, '0000-00-00', 183, 185, 187, 183, 949048),
(1066, 2, '0000-00-00', 185, 187, 188, 185, 431284),
(1067, 2, '0000-00-00', 187, 186, 188, 184, 937810),
(1068, 2, '0000-00-00', 186, 187, 189, 186, 875033),
(1069, 2, '0000-00-00', 187, 185, 187, 183, 839281),
(1070, 2, '0000-00-00', 185, 183, 185, 181, 912374),
(1071, 2, '0000-00-00', 183, 181, 183, 180, 849130),
(1072, 2, '0000-00-00', 181, 184, 186, 182, 904169),
(1073, 2, '0000-00-00', 184, 184, 186, 183, 217951),
(1074, 2, '0000-00-00', 184, 189, 191, 187, 813496),
(1075, 2, '0000-00-00', 189, 185, 186, 183, 776333),
(1076, 2, '0000-00-00', 185, 189, 191, 187, 587975),
(1077, 2, '0000-00-00', 189, 185, 186, 183, 666044),
(1078, 2, '0000-00-00', 185, 188, 190, 187, 517168),
(1079, 2, '0000-00-00', 188, 186, 188, 184, 770932),
(1080, 2, '0000-00-00', 186, 187, 189, 185, 489648),
(1081, 2, '0000-00-00', 187, 187, 188, 185, 124672),
(1082, 2, '0000-00-00', 187, 187, 189, 185, 310424),
(1083, 2, '0000-00-00', 187, 183, 185, 181, 167201),
(1084, 2, '0000-00-00', 183, 189, 191, 187, 201172),
(1085, 2, '0000-00-00', 189, 185, 187, 183, 263411),
(1086, 2, '0000-00-00', 185, 181, 183, 180, 499776),
(1087, 2, '0000-00-00', 181, 177, 178, 175, 929942),
(1088, 2, '0000-00-00', 177, 179, 181, 178, 456954),
(1089, 2, '0000-00-00', 179, 175, 177, 174, 745037),
(1090, 2, '0000-00-00', 175, 172, 174, 171, 768478),
(1091, 2, '0000-00-00', 172, 171, 173, 170, 846276),
(1092, 2, '0000-00-00', 171, 177, 179, 175, 924866),
(1093, 2, '0000-00-00', 177, 184, 185, 182, 237099),
(1094, 2, '0000-00-00', 184, 179, 181, 177, 414915),
(1095, 2, '0000-00-00', 179, 182, 183, 180, 360412),
(1096, 2, '0000-00-00', 182, 187, 189, 185, 379549),
(1097, 2, '0000-00-00', 187, 187, 189, 185, 512246),
(1098, 2, '0000-00-00', 187, 185, 187, 184, 772040),
(1099, 2, '0000-00-00', 185, 181, 183, 179, 643744),
(1100, 2, '0000-00-00', 181, 177, 179, 175, 225753),
(1101, 2, '0000-00-00', 177, 182, 183, 180, 392454),
(1102, 2, '0000-00-00', 182, 179, 181, 177, 196462),
(1103, 2, '0000-00-00', 179, 178, 180, 176, 214064),
(1104, 2, '0000-00-00', 178, 175, 177, 173, 885695),
(1105, 2, '0000-00-00', 175, 173, 175, 172, 793251),
(1106, 2, '0000-00-00', 173, 176, 178, 174, 772271),
(1107, 2, '0000-00-00', 176, 173, 175, 172, 648561),
(1108, 2, '0000-00-00', 173, 172, 173, 170, 353224),
(1109, 2, '0000-00-00', 172, 176, 178, 174, 505382),
(1110, 2, '0000-00-00', 176, 174, 176, 172, 264272),
(1111, 2, '0000-00-00', 174, 179, 181, 177, 240744),
(1112, 2, '0000-00-00', 179, 178, 179, 176, 362897),
(1113, 2, '0000-00-00', 178, 175, 176, 173, 113747),
(1114, 2, '0000-00-00', 175, 179, 181, 177, 240399),
(1115, 2, '0000-00-00', 179, 180, 182, 178, 254108),
(1116, 2, '0000-00-00', 180, 181, 183, 179, 405554),
(1117, 2, '0000-00-00', 181, 184, 186, 182, 719257),
(1118, 2, '0000-00-00', 184, 185, 187, 183, 573086),
(1119, 2, '0000-00-00', 185, 188, 190, 186, 427362),
(1120, 2, '0000-00-00', 188, 196, 198, 194, 418932),
(1121, 2, '0000-00-00', 196, 193, 195, 191, 299106),
(1122, 2, '0000-00-00', 193, 195, 197, 193, 807781),
(1123, 2, '0000-00-00', 195, 194, 196, 192, 183802),
(1124, 2, '0000-00-00', 194, 195, 197, 193, 685548),
(1125, 2, '0000-00-00', 195, 191, 193, 189, 263403),
(1126, 2, '0000-00-00', 191, 198, 200, 196, 730821),
(1127, 2, '0000-00-00', 198, 196, 197, 194, 721691),
(1128, 2, '0000-00-00', 196, 203, 205, 201, 388757),
(1129, 2, '0000-00-00', 203, 206, 208, 204, 506109),
(1130, 2, '0000-00-00', 206, 209, 211, 207, 389054),
(1131, 2, '0000-00-00', 209, 208, 210, 206, 928806),
(1132, 2, '0000-00-00', 208, 203, 205, 201, 969416),
(1133, 2, '0000-00-00', 203, 204, 206, 202, 766184),
(1134, 2, '0000-00-00', 204, 208, 210, 206, 480694),
(1135, 2, '0000-00-00', 208, 215, 217, 213, 597113),
(1136, 2, '0000-00-00', 215, 223, 225, 220, 135143),
(1137, 2, '0000-00-00', 223, 231, 233, 229, 292616),
(1138, 2, '0000-00-00', 231, 228, 230, 226, 281660),
(1139, 2, '0000-00-00', 228, 229, 231, 226, 357660),
(1140, 2, '0000-00-00', 229, 223, 226, 221, 435356),
(1141, 2, '0000-00-00', 223, 220, 222, 218, 729404),
(1142, 2, '0000-00-00', 220, 222, 224, 220, 867050),
(1143, 2, '0000-00-00', 222, 230, 232, 228, 363808),
(1144, 2, '0000-00-00', 230, 228, 231, 226, 534276),
(1145, 2, '0000-00-00', 228, 229, 231, 227, 354129),
(1146, 2, '0000-00-00', 229, 234, 236, 232, 715974),
(1147, 2, '0000-00-00', 234, 232, 235, 230, 173113),
(1148, 2, '0000-00-00', 232, 241, 243, 239, 767067),
(1149, 2, '0000-00-00', 241, 244, 246, 241, 626088),
(1150, 2, '0000-00-00', 244, 240, 242, 237, 705599),
(1151, 2, '0000-00-00', 240, 242, 245, 240, 329480),
(1152, 2, '0000-00-00', 242, 244, 246, 241, 403778),
(1153, 2, '0000-00-00', 244, 240, 243, 238, 892589),
(1154, 2, '0000-00-00', 240, 248, 250, 245, 162431),
(1155, 2, '0000-00-00', 248, 249, 252, 247, 714849),
(1156, 2, '0000-00-00', 249, 247, 249, 245, 979712),
(1157, 2, '0000-00-00', 247, 248, 251, 246, 644656),
(1158, 2, '0000-00-00', 248, 242, 244, 239, 244041),
(1159, 2, '0000-00-00', 242, 246, 248, 243, 657596),
(1160, 2, '0000-00-00', 246, 240, 242, 237, 837325),
(1161, 2, '0000-00-00', 240, 239, 241, 236, 549579),
(1162, 2, '0000-00-00', 239, 242, 244, 239, 655530),
(1163, 2, '0000-00-00', 242, 236, 238, 233, 841422),
(1164, 2, '0000-00-00', 236, 243, 245, 241, 564323),
(1165, 2, '0000-00-00', 243, 251, 254, 249, 996579),
(1166, 2, '0000-00-00', 251, 250, 252, 247, 962396),
(1167, 2, '0000-00-00', 250, 253, 256, 251, 832736),
(1168, 2, '0000-00-00', 253, 258, 261, 255, 345516),
(1169, 2, '0000-00-00', 258, 259, 262, 257, 418878),
(1170, 2, '0000-00-00', 259, 258, 260, 255, 915890),
(1171, 2, '0000-00-00', 258, 262, 265, 260, 213876),
(1172, 2, '0000-00-00', 262, 263, 266, 260, 950770),
(1173, 2, '0000-00-00', 263, 256, 259, 254, 134166),
(1174, 2, '0000-00-00', 256, 266, 269, 263, 235563),
(1175, 2, '0000-00-00', 266, 265, 268, 262, 274274),
(1176, 2, '0000-00-00', 265, 264, 266, 261, 463927),
(1177, 2, '0000-00-00', 264, 262, 265, 259, 999298),
(1178, 2, '0000-00-00', 262, 272, 275, 269, 342596),
(1179, 2, '0000-00-00', 272, 269, 272, 266, 110554),
(1180, 2, '0000-00-00', 269, 268, 271, 265, 360112),
(1181, 2, '0000-00-00', 268, 278, 281, 275, 508359),
(1182, 2, '0000-00-00', 278, 273, 276, 271, 273687),
(1183, 2, '0000-00-00', 273, 284, 287, 281, 285169),
(1184, 2, '0000-00-00', 284, 282, 285, 279, 216602),
(1185, 2, '0000-00-00', 282, 290, 293, 287, 642883),
(1186, 2, '0000-00-00', 290, 288, 290, 285, 154737),
(1187, 2, '0000-00-00', 288, 295, 298, 292, 244585),
(1188, 2, '0000-00-00', 295, 291, 294, 288, 149096),
(1189, 2, '0000-00-00', 291, 296, 299, 293, 559303),
(1190, 2, '0000-00-00', 296, 302, 305, 299, 442266),
(1191, 2, '0000-00-00', 302, 298, 301, 295, 552126),
(1192, 2, '0000-00-00', 298, 304, 307, 301, 281984),
(1193, 2, '0000-00-00', 304, 301, 304, 298, 959011),
(1194, 2, '0000-00-00', 301, 301, 304, 298, 823129),
(1195, 2, '0000-00-00', 301, 305, 308, 302, 408721),
(1196, 2, '0000-00-00', 305, 311, 314, 308, 976910),
(1197, 2, '0000-00-00', 311, 305, 309, 302, 305190),
(1198, 2, '0000-00-00', 305, 304, 308, 301, 120383),
(1199, 2, '0000-00-00', 304, 301, 304, 298, 559179),
(1200, 2, '0000-00-00', 301, 295, 298, 292, 602229),
(1201, 2, '0000-00-00', 295, 297, 300, 294, 963832),
(1202, 2, '0000-00-00', 297, 295, 298, 292, 784814),
(1203, 2, '0000-00-00', 295, 294, 297, 291, 613839),
(1204, 2, '0000-00-00', 294, 299, 302, 296, 208026),
(1205, 2, '0000-00-00', 299, 296, 298, 293, 168292),
(1206, 2, '0000-00-00', 296, 288, 291, 285, 150329),
(1207, 2, '0000-00-00', 288, 298, 301, 295, 903199),
(1208, 2, '0000-00-00', 298, 305, 308, 302, 280268),
(1209, 2, '0000-00-00', 305, 303, 306, 300, 362155),
(1210, 2, '0000-00-00', 303, 300, 303, 297, 511811),
(1211, 2, '0000-00-00', 300, 311, 314, 308, 265335),
(1212, 2, '0000-00-00', 311, 318, 321, 315, 621602),
(1213, 2, '0000-00-00', 318, 324, 327, 321, 101893),
(1214, 2, '0000-00-00', 324, 320, 323, 317, 409935),
(1215, 2, '0000-00-00', 320, 326, 329, 323, 513655),
(1216, 2, '0000-00-00', 326, 318, 321, 314, 638193),
(1217, 2, '0000-00-00', 318, 330, 333, 327, 105317),
(1218, 2, '0000-00-00', 330, 324, 327, 320, 624681),
(1219, 2, '0000-00-00', 324, 329, 333, 326, 334752),
(1220, 2, '0000-00-00', 329, 329, 333, 326, 932976),
(1221, 2, '0000-00-00', 329, 333, 336, 330, 992415),
(1222, 2, '0000-00-00', 333, 345, 349, 342, 135728),
(1223, 2, '0000-00-00', 345, 353, 356, 349, 106859),
(1224, 2, '0000-00-00', 353, 353, 356, 349, 975437),
(1225, 2, '0000-00-00', 353, 357, 360, 353, 850102),
(1226, 2, '0000-00-00', 357, 348, 351, 344, 414770),
(1227, 2, '0000-00-00', 348, 353, 357, 350, 873723),
(1228, 2, '0000-00-00', 353, 346, 350, 343, 137027),
(1229, 2, '0000-00-00', 346, 360, 363, 356, 240263),
(1230, 2, '0000-00-00', 360, 367, 370, 363, 994645),
(1231, 2, '0000-00-00', 367, 379, 383, 375, 394920),
(1232, 2, '0000-00-00', 379, 375, 378, 371, 173894),
(1233, 2, '0000-00-00', 375, 376, 380, 372, 725802),
(1234, 2, '0000-00-00', 376, 376, 379, 372, 339636),
(1235, 2, '0000-00-00', 376, 382, 385, 378, 909238),
(1236, 2, '0000-00-00', 382, 373, 377, 369, 908720),
(1237, 2, '0000-00-00', 373, 382, 386, 378, 462876),
(1238, 2, '0000-00-00', 382, 394, 398, 390, 615480),
(1239, 2, '0000-00-00', 394, 398, 402, 394, 525823),
(1240, 2, '0000-00-00', 398, 394, 398, 390, 469387),
(1241, 2, '0000-00-00', 394, 383, 387, 379, 356642),
(1242, 2, '0000-00-00', 383, 374, 377, 370, 572347),
(1243, 2, '0000-00-00', 374, 387, 391, 383, 149715),
(1244, 2, '0000-00-00', 387, 389, 393, 385, 334687),
(1245, 2, '0000-00-00', 389, 402, 406, 398, 988975),
(1246, 2, '0000-00-00', 402, 413, 417, 409, 285634),
(1247, 2, '0000-00-00', 413, 406, 410, 402, 978950),
(1248, 2, '0000-00-00', 406, 409, 413, 405, 154393),
(1249, 2, '0000-00-00', 409, 403, 407, 399, 259277),
(1250, 2, '0000-00-00', 403, 414, 419, 410, 646133),
(1251, 2, '0000-00-00', 414, 422, 426, 418, 585605),
(1252, 2, '0000-00-00', 422, 425, 429, 420, 793170),
(1253, 2, '0000-00-00', 425, 428, 433, 424, 706727),
(1254, 2, '0000-00-00', 428, 417, 421, 413, 316396),
(1255, 2, '0000-00-00', 417, 423, 427, 419, 789530),
(1256, 2, '0000-00-00', 423, 437, 441, 432, 415843),
(1257, 2, '0000-00-00', 437, 434, 438, 429, 718337),
(1258, 2, '0000-00-00', 434, 437, 441, 432, 989323),
(1259, 2, '0000-00-00', 437, 427, 432, 423, 650868),
(1260, 2, '0000-00-00', 427, 442, 446, 438, 763726),
(1261, 2, '0000-00-00', 442, 454, 458, 449, 545961),
(1262, 2, '0000-00-00', 454, 463, 467, 458, 176660),
(1263, 2, '0000-00-00', 463, 472, 477, 467, 171546),
(1264, 2, '0000-00-00', 472, 463, 467, 458, 634484),
(1265, 2, '0000-00-00', 463, 461, 466, 456, 641049),
(1266, 2, '0000-00-00', 461, 453, 457, 448, 349315),
(1267, 2, '0000-00-00', 453, 445, 450, 441, 207927),
(1268, 2, '0000-00-00', 445, 461, 466, 457, 944150),
(1269, 2, '0000-00-00', 461, 468, 472, 463, 793111),
(1270, 2, '0000-00-00', 468, 481, 485, 476, 495734),
(1271, 2, '0000-00-00', 481, 487, 492, 482, 576514),
(1272, 2, '0000-00-00', 487, 477, 482, 473, 550656),
(1273, 2, '0000-00-00', 477, 480, 485, 476, 394441),
(1274, 2, '0000-00-00', 480, 483, 488, 478, 543603),
(1275, 2, '0000-00-00', 483, 486, 491, 481, 183139),
(1276, 2, '0000-00-00', 486, 495, 500, 490, 254064),
(1277, 2, '0000-00-00', 495, 497, 502, 492, 211530),
(1278, 2, '0000-00-00', 497, 499, 504, 494, 621998),
(1279, 2, '0000-00-00', 499, 491, 496, 486, 146738),
(1280, 2, '0000-00-00', 491, 502, 507, 497, 112167),
(1281, 2, '0000-00-00', 502, 512, 517, 507, 662351),
(1282, 2, '0000-00-00', 512, 505, 510, 500, 120542),
(1283, 2, '0000-00-00', 505, 521, 526, 516, 425605),
(1284, 2, '0000-00-00', 521, 512, 517, 507, 489338),
(1285, 2, '0000-00-00', 512, 526, 532, 521, 260979),
(1286, 2, '0000-00-00', 526, 529, 535, 524, 339054),
(1287, 2, '0000-00-00', 529, 528, 533, 523, 447875),
(1288, 2, '0000-00-00', 528, 532, 537, 526, 805411),
(1289, 2, '0000-00-00', 532, 524, 530, 519, 378685),
(1290, 2, '0000-00-00', 524, 527, 532, 521, 899765),
(1291, 2, '0000-00-00', 527, 548, 553, 542, 615724),
(1292, 2, '0000-00-00', 548, 543, 548, 537, 153111),
(1293, 2, '0000-00-00', 543, 538, 543, 532, 611472),
(1294, 2, '0000-00-00', 538, 547, 553, 542, 217335),
(1295, 2, '0000-00-00', 547, 551, 556, 545, 369457),
(1296, 2, '0000-00-00', 551, 551, 556, 545, 699902),
(1297, 2, '0000-00-00', 551, 564, 570, 559, 952626),
(1298, 2, '0000-00-00', 564, 557, 563, 551, 893606),
(1299, 2, '0000-00-00', 557, 557, 563, 552, 692965),
(1300, 2, '0000-00-00', 557, 580, 585, 574, 435444),
(1301, 2, '0000-00-00', 580, 599, 605, 593, 969464),
(1302, 2, '0000-00-00', 599, 602, 608, 596, 687540),
(1303, 2, '0000-00-00', 602, 586, 592, 580, 727961),
(1304, 2, '0000-00-00', 586, 585, 591, 579, 441639),
(1305, 2, '0000-00-00', 585, 594, 600, 588, 806248),
(1306, 2, '0000-00-00', 594, 603, 609, 597, 838255),
(1307, 2, '0000-00-00', 603, 587, 593, 581, 530852),
(1308, 2, '0000-00-00', 587, 579, 585, 573, 864871),
(1309, 2, '0000-00-00', 579, 600, 606, 594, 644979),
(1310, 2, '0000-00-00', 600, 610, 616, 603, 390229),
(1311, 2, '0000-00-00', 610, 616, 623, 610, 894719),
(1312, 2, '0000-00-00', 616, 625, 631, 619, 114233),
(1313, 2, '0000-00-00', 625, 643, 649, 637, 120062),
(1314, 2, '0000-00-00', 643, 664, 670, 657, 271083),
(1315, 2, '0000-00-00', 664, 684, 690, 677, 481416),
(1316, 2, '0000-00-00', 684, 684, 691, 677, 260530),
(1317, 2, '0000-00-00', 684, 699, 706, 692, 761968),
(1318, 2, '0000-00-00', 699, 694, 701, 687, 487482),
(1319, 2, '0000-00-00', 694, 699, 706, 692, 255364),
(1320, 2, '0000-00-00', 699, 716, 723, 709, 398039),
(1321, 2, '0000-00-00', 716, 741, 748, 734, 886712),
(1322, 2, '0000-00-00', 741, 723, 730, 716, 932506),
(1323, 2, '0000-00-00', 723, 708, 715, 701, 694365),
(1324, 2, '0000-00-00', 708, 704, 711, 697, 743805),
(1325, 2, '0000-00-00', 704, 706, 713, 699, 404881),
(1326, 2, '0000-00-00', 706, 696, 703, 689, 277192),
(1327, 2, '0000-00-00', 696, 719, 726, 712, 972840),
(1328, 2, '0000-00-00', 719, 708, 715, 701, 110598),
(1329, 2, '0000-00-00', 708, 723, 731, 716, 198136),
(1330, 2, '0000-00-00', 723, 737, 745, 730, 748767),
(1331, 2, '0000-00-00', 737, 765, 773, 758, 764771),
(1332, 2, '0000-00-00', 765, 758, 765, 750, 387002),
(1333, 2, '0000-00-00', 758, 786, 794, 778, 736198),
(1334, 2, '0000-00-00', 786, 812, 820, 804, 150557),
(1335, 2, '0000-00-00', 812, 835, 843, 827, 225114),
(1336, 2, '0000-00-00', 835, 831, 839, 823, 285834),
(1337, 2, '0000-00-00', 831, 852, 861, 844, 433151),
(1338, 2, '0000-00-00', 852, 835, 843, 827, 291265),
(1339, 2, '0000-00-00', 835, 816, 824, 808, 436809),
(1340, 2, '0000-00-00', 816, 818, 826, 810, 722200),
(1341, 2, '0000-00-00', 818, 848, 856, 839, 640507),
(1342, 2, '0000-00-00', 848, 839, 848, 831, 407649),
(1343, 2, '0000-00-00', 839, 818, 826, 810, 695706),
(1344, 2, '0000-00-00', 818, 844, 853, 836, 651187),
(1345, 2, '0000-00-00', 844, 835, 844, 827, 768665),
(1346, 2, '0000-00-00', 835, 830, 838, 822, 268429),
(1347, 2, '0000-00-00', 830, 850, 859, 842, 189313),
(1348, 2, '0000-00-00', 850, 845, 853, 837, 183750),
(1349, 2, '0000-00-00', 845, 868, 877, 859, 566199),
(1350, 2, '0000-00-00', 868, 901, 910, 892, 588564),
(1351, 2, '0000-00-00', 901, 885, 894, 877, 330882),
(1352, 2, '0000-00-00', 885, 897, 906, 888, 224210),
(1353, 2, '0000-00-00', 897, 876, 884, 867, 256091),
(1354, 2, '0000-00-00', 876, 857, 866, 848, 176485),
(1355, 2, '0000-00-00', 857, 854, 862, 845, 818784),
(1356, 2, '0000-00-00', 854, 878, 887, 869, 520760),
(1357, 2, '0000-00-00', 878, 899, 908, 890, 410397),
(1358, 2, '0000-00-00', 899, 876, 885, 868, 718070),
(1359, 2, '0000-00-00', 876, 900, 909, 891, 261073),
(1360, 2, '0000-00-00', 900, 911, 920, 901, 639006),
(1361, 2, '0000-00-00', 911, 891, 900, 882, 496874),
(1362, 2, '0000-00-00', 891, 909, 918, 900, 222663),
(1363, 2, '0000-00-00', 909, 924, 933, 914, 365408),
(1364, 2, '0000-00-00', 924, 954, 964, 945, 589735),
(1365, 2, '0000-00-00', 954, 975, 984, 965, 801065),
(1366, 2, '0000-00-00', 975, 990, 1000, 980, 530974),
(1367, 2, '0000-00-00', 990, 970, 979, 960, 537750),
(1368, 2, '0000-00-00', 970, 974, 983, 964, 899605),
(1369, 2, '0000-00-00', 974, 989, 999, 979, 304250),
(1370, 2, '0000-00-00', 989, 979, 988, 969, 749501),
(1371, 2, '0000-00-00', 979, 1009, 1019, 999, 476410),
(1372, 2, '0000-00-00', 1009, 1034, 1044, 1023, 542217),
(1373, 2, '0000-00-00', 1034, 1027, 1038, 1017, 472841),
(1374, 2, '0000-00-00', 1027, 1042, 1052, 1031, 731547),
(1375, 2, '0000-00-00', 1042, 1076, 1087, 1065, 176650),
(1376, 2, '0000-00-00', 1076, 1101, 1112, 1090, 974734),
(1377, 2, '0000-00-00', 1101, 1138, 1149, 1126, 715400),
(1378, 2, '0000-00-00', 1138, 1136, 1147, 1125, 853370),
(1379, 2, '0000-00-00', 1136, 1164, 1176, 1152, 771415),
(1380, 2, '0000-00-00', 1164, 1147, 1158, 1136, 427706),
(1381, 2, '0000-00-00', 1147, 1175, 1187, 1164, 395865),
(1382, 2, '0000-00-00', 1175, 1187, 1199, 1175, 949269),
(1383, 2, '0000-00-00', 1187, 1223, 1236, 1211, 398907),
(1384, 2, '0000-00-00', 1223, 1228, 1241, 1216, 259304),
(1385, 2, '0000-00-00', 1228, 1222, 1234, 1210, 992745),
(1386, 2, '0000-00-00', 1222, 1253, 1265, 1240, 939001),
(1387, 2, '0000-00-00', 1253, 1280, 1293, 1268, 258540),
(1388, 2, '0000-00-00', 1280, 1251, 1264, 1239, 545341),
(1389, 2, '0000-00-00', 1251, 1240, 1252, 1227, 223425),
(1390, 2, '0000-00-00', 1240, 1259, 1271, 1246, 720584),
(1391, 2, '0000-00-00', 1259, 1289, 1302, 1276, 682523),
(1392, 2, '0000-00-00', 1289, 1321, 1335, 1308, 230859),
(1393, 2, '0000-00-00', 1321, 1369, 1383, 1355, 306349),
(1394, 2, '0000-00-00', 1369, 1341, 1354, 1327, 694079),
(1395, 2, '0000-00-00', 1341, 1390, 1404, 1376, 636720),
(1396, 2, '0000-00-00', 1390, 1437, 1452, 1423, 867774),
(1397, 2, '0000-00-00', 1437, 1405, 1419, 1391, 102142),
(1398, 2, '0000-00-00', 1405, 1421, 1435, 1406, 369775),
(1399, 2, '0000-00-00', 1421, 1462, 1477, 1448, 678605),
(1400, 2, '0000-00-00', 1462, 1460, 1475, 1446, 499597),
(1401, 2, '0000-00-00', 1460, 1423, 1437, 1409, 330643),
(1402, 2, '0000-00-00', 1423, 1419, 1434, 1405, 310027),
(1403, 2, '0000-00-00', 1419, 1475, 1490, 1461, 386799),
(1404, 2, '0000-00-00', 1475, 1444, 1458, 1429, 133933),
(1405, 2, '0000-00-00', 1444, 1485, 1500, 1470, 320738),
(1406, 2, '0000-00-00', 1485, 1496, 1511, 1481, 168684),
(1407, 2, '0000-00-00', 1496, 1473, 1488, 1458, 676655),
(1408, 2, '0000-00-00', 1473, 1450, 1464, 1435, 647021),
(1409, 2, '0000-00-00', 1450, 1450, 1464, 1435, 505910),
(1410, 2, '0000-00-00', 1450, 1505, 1520, 1490, 448802),
(1411, 2, '0000-00-00', 1505, 1477, 1491, 1462, 946475),
(1412, 2, '0000-00-00', 1477, 1517, 1532, 1502, 726349),
(1413, 2, '0000-00-00', 1517, 1523, 1538, 1508, 440812),
(1414, 2, '0000-00-00', 1523, 1530, 1545, 1515, 721707),
(1415, 2, '0000-00-00', 1530, 1517, 1532, 1502, 161709),
(1416, 2, '0000-00-00', 1517, 1538, 1553, 1523, 142121),
(1417, 2, '0000-00-00', 1538, 1516, 1531, 1500, 681518),
(1418, 2, '0000-00-00', 1516, 1515, 1530, 1499, 194235),
(1419, 2, '0000-00-00', 1515, 1479, 1494, 1464, 561661),
(1420, 2, '0000-00-00', 1479, 1451, 1465, 1436, 544922),
(1421, 2, '0000-00-00', 1451, 1458, 1473, 1444, 956419),
(1422, 2, '0000-00-00', 1458, 1464, 1479, 1450, 251831),
(1423, 2, '0000-00-00', 1464, 1493, 1508, 1479, 353820),
(1424, 2, '0000-00-00', 1493, 1517, 1533, 1502, 455460),
(1425, 2, '0000-00-00', 1517, 1515, 1530, 1500, 852557),
(1426, 2, '0000-00-00', 1515, 1492, 1507, 1477, 504661),
(1427, 2, '0000-00-00', 1492, 1543, 1558, 1527, 673990),
(1428, 2, '0000-00-00', 1543, 1589, 1605, 1573, 101749),
(1429, 2, '0000-00-00', 1589, 1610, 1626, 1594, 381876),
(1430, 2, '0000-00-00', 1610, 1635, 1651, 1619, 620608),
(1431, 2, '0000-00-00', 1635, 1606, 1622, 1589, 477501),
(1432, 2, '0000-00-00', 1606, 1628, 1644, 1612, 520516),
(1433, 2, '0000-00-00', 1628, 1615, 1631, 1599, 368736),
(1434, 2, '0000-00-00', 1615, 1595, 1610, 1579, 593536),
(1435, 2, '0000-00-00', 1595, 1655, 1672, 1639, 849235),
(1436, 2, '0000-00-00', 1655, 1713, 1730, 1695, 669712),
(1437, 2, '0000-00-00', 1713, 1744, 1762, 1727, 894915),
(1438, 2, '0000-00-00', 1744, 1700, 1717, 1683, 460825),
(1439, 2, '0000-00-00', 1700, 1730, 1747, 1712, 677158),
(1440, 2, '0000-00-00', 1730, 1716, 1733, 1699, 524970),
(1441, 2, '0000-00-00', 1716, 1759, 1777, 1742, 713046),
(1442, 2, '0000-00-00', 1759, 1807, 1826, 1789, 819365),
(1443, 2, '0000-00-00', 1807, 1834, 1852, 1816, 231243),
(1444, 2, '0000-00-00', 1834, 1795, 1813, 1777, 147070),
(1445, 2, '0000-00-00', 1795, 1755, 1773, 1738, 948152),
(1446, 2, '0000-00-00', 1755, 1805, 1823, 1786, 700220),
(1447, 2, '0000-00-00', 1805, 1783, 1801, 1765, 346946),
(1448, 2, '0000-00-00', 1783, 1788, 1806, 1770, 598392),
(1449, 2, '0000-00-00', 1788, 1803, 1821, 1785, 892601),
(1450, 2, '0000-00-00', 1803, 1857, 1876, 1839, 800298),
(1451, 2, '0000-00-00', 1857, 1930, 1950, 1911, 212300),
(1452, 2, '0000-00-00', 1930, 1982, 2002, 1962, 545317),
(1453, 2, '0000-00-00', 1982, 2050, 2071, 2030, 124242),
(1454, 2, '0000-00-00', 2050, 2113, 2134, 2092, 932523),
(1455, 2, '0000-00-00', 2113, 2108, 2129, 2087, 159771),
(1456, 2, '0000-00-00', 2108, 2084, 2105, 2063, 438303),
(1457, 2, '0000-00-00', 2084, 2128, 2150, 2107, 124807),
(1458, 2, '0000-00-00', 2128, 2171, 2193, 2149, 442568),
(1459, 2, '0000-00-00', 2171, 2248, 2270, 2225, 908982),
(1460, 2, '0000-00-00', 2248, 2257, 2279, 2234, 471153),
(1461, 2, '0000-00-00', 2257, 2263, 2285, 2240, 375762),
(1462, 2, '0000-00-00', 2263, 2308, 2331, 2285, 128370),
(1463, 3, '0000-00-00', 15, 15, 15, 15, 671399),
(1464, 3, '0000-00-00', 15, 15, 15, 15, 635986),
(1465, 3, '0000-00-00', 15, 15, 15, 15, 312108),
(1466, 3, '0000-00-00', 15, 15, 15, 15, 648083),
(1467, 3, '0000-00-00', 15, 15, 15, 15, 132600),
(1468, 3, '0000-00-00', 15, 15, 15, 15, 300802),
(1469, 3, '0000-00-00', 15, 16, 16, 16, 835234),
(1470, 3, '0000-00-00', 16, 15, 16, 15, 156259),
(1471, 3, '0000-00-00', 15, 16, 16, 16, 751465),
(1472, 3, '0000-00-00', 16, 16, 16, 16, 255804),
(1473, 3, '0000-00-00', 16, 16, 16, 16, 797829),
(1474, 3, '0000-00-00', 16, 16, 17, 16, 349148),
(1475, 3, '0000-00-00', 16, 17, 17, 16, 853670),
(1476, 3, '0000-00-00', 17, 17, 17, 17, 891930),
(1477, 3, '0000-00-00', 17, 17, 17, 17, 586881),
(1478, 3, '0000-00-00', 17, 17, 18, 17, 209286),
(1479, 3, '0000-00-00', 17, 17, 17, 17, 542242),
(1480, 3, '0000-00-00', 17, 18, 18, 18, 334232),
(1481, 3, '0000-00-00', 18, 18, 18, 18, 304483),
(1482, 3, '0000-00-00', 18, 18, 18, 18, 603588),
(1483, 3, '0000-00-00', 18, 18, 18, 17, 250661),
(1484, 3, '0000-00-00', 18, 18, 18, 18, 634299),
(1485, 3, '0000-00-00', 18, 19, 19, 18, 892172),
(1486, 3, '0000-00-00', 19, 18, 18, 18, 811486),
(1487, 3, '0000-00-00', 18, 18, 18, 18, 894338),
(1488, 3, '0000-00-00', 18, 18, 18, 18, 583027),
(1489, 3, '0000-00-00', 18, 18, 19, 18, 161371),
(1490, 3, '0000-00-00', 18, 18, 18, 18, 991385),
(1491, 3, '0000-00-00', 18, 18, 19, 18, 973008),
(1492, 3, '0000-00-00', 18, 19, 19, 19, 918531),
(1493, 3, '0000-00-00', 19, 19, 19, 19, 132442),
(1494, 3, '0000-00-00', 19, 19, 20, 19, 688940),
(1495, 3, '0000-00-00', 19, 20, 20, 19, 151659),
(1496, 3, '0000-00-00', 20, 20, 20, 20, 587920),
(1497, 3, '0000-00-00', 20, 20, 20, 20, 458865),
(1498, 3, '0000-00-00', 20, 20, 20, 20, 213402),
(1499, 3, '0000-00-00', 20, 21, 21, 20, 302221),
(1500, 3, '0000-00-00', 21, 21, 21, 21, 328339),
(1501, 3, '0000-00-00', 21, 21, 21, 21, 894503),
(1502, 3, '0000-00-00', 21, 21, 21, 21, 713132),
(1503, 3, '0000-00-00', 21, 21, 22, 21, 189530),
(1504, 3, '0000-00-00', 21, 21, 21, 21, 484638),
(1505, 3, '0000-00-00', 21, 21, 22, 21, 720763),
(1506, 3, '0000-00-00', 21, 21, 22, 21, 391855),
(1507, 3, '0000-00-00', 21, 22, 22, 21, 296598),
(1508, 3, '0000-00-00', 22, 22, 23, 22, 804143),
(1509, 3, '0000-00-00', 22, 22, 22, 22, 177328),
(1510, 3, '0000-00-00', 22, 23, 23, 23, 287982),
(1511, 3, '0000-00-00', 23, 23, 24, 23, 590319),
(1512, 3, '0000-00-00', 23, 23, 23, 23, 833810),
(1513, 3, '0000-00-00', 23, 24, 24, 23, 950514),
(1514, 3, '0000-00-00', 24, 24, 24, 24, 658980),
(1515, 3, '0000-00-00', 24, 24, 24, 24, 538714),
(1516, 3, '0000-00-00', 24, 24, 25, 24, 780751),
(1517, 3, '0000-00-00', 24, 25, 25, 24, 560448),
(1518, 3, '0000-00-00', 25, 24, 25, 24, 423301),
(1519, 3, '0000-00-00', 24, 25, 25, 25, 698566),
(1520, 3, '0000-00-00', 25, 25, 26, 25, 918169),
(1521, 3, '0000-00-00', 25, 26, 26, 25, 516239),
(1522, 3, '0000-00-00', 26, 25, 25, 25, 356802),
(1523, 3, '0000-00-00', 25, 26, 26, 25, 509728),
(1524, 3, '0000-00-00', 26, 26, 26, 25, 120150),
(1525, 3, '0000-00-00', 26, 27, 27, 26, 889400),
(1526, 3, '0000-00-00', 27, 27, 27, 27, 417159),
(1527, 3, '0000-00-00', 27, 26, 27, 26, 416050),
(1528, 3, '0000-00-00', 26, 27, 27, 27, 192603),
(1529, 3, '0000-00-00', 27, 27, 27, 26, 553691),
(1530, 3, '0000-00-00', 27, 26, 27, 26, 576105),
(1531, 3, '0000-00-00', 26, 26, 27, 26, 504607),
(1532, 3, '0000-00-00', 26, 27, 27, 26, 415148),
(1533, 3, '0000-00-00', 27, 27, 27, 26, 515588),
(1534, 3, '0000-00-00', 27, 27, 27, 27, 418049),
(1535, 3, '0000-00-00', 27, 27, 28, 27, 115337),
(1536, 3, '0000-00-00', 27, 28, 28, 28, 892553),
(1537, 3, '0000-00-00', 28, 29, 29, 29, 981514),
(1538, 3, '0000-00-00', 29, 28, 29, 28, 309863),
(1539, 3, '0000-00-00', 28, 29, 29, 29, 994437),
(1540, 3, '0000-00-00', 29, 29, 29, 29, 889211),
(1541, 3, '0000-00-00', 29, 28, 29, 28, 706975),
(1542, 3, '0000-00-00', 28, 29, 29, 29, 394044),
(1543, 3, '0000-00-00', 29, 29, 29, 28, 338921),
(1544, 3, '0000-00-00', 29, 29, 29, 29, 563530),
(1545, 3, '0000-00-00', 29, 30, 30, 30, 321345),
(1546, 3, '0000-00-00', 30, 30, 30, 30, 156775),
(1547, 3, '0000-00-00', 30, 29, 30, 29, 911554),
(1548, 3, '0000-00-00', 29, 30, 30, 29, 892909),
(1549, 3, '0000-00-00', 30, 31, 31, 30, 776332),
(1550, 3, '0000-00-00', 31, 32, 32, 31, 597549),
(1551, 3, '0000-00-00', 32, 32, 33, 32, 172744),
(1552, 3, '0000-00-00', 32, 33, 34, 33, 964470),
(1553, 3, '0000-00-00', 33, 35, 35, 34, 727633),
(1554, 3, '0000-00-00', 35, 35, 35, 34, 938849),
(1555, 3, '0000-00-00', 35, 35, 35, 35, 605332),
(1556, 3, '0000-00-00', 35, 35, 35, 34, 734473),
(1557, 3, '0000-00-00', 35, 36, 36, 35, 993897),
(1558, 3, '0000-00-00', 36, 36, 36, 36, 990223),
(1559, 3, '0000-00-00', 36, 36, 37, 36, 426644),
(1560, 3, '0000-00-00', 36, 37, 37, 37, 241845),
(1561, 3, '0000-00-00', 37, 36, 36, 36, 631449),
(1562, 3, '0000-00-00', 36, 37, 38, 37, 623744),
(1563, 3, '0000-00-00', 37, 37, 37, 36, 349740),
(1564, 3, '0000-00-00', 37, 37, 37, 36, 428543),
(1565, 3, '0000-00-00', 37, 36, 36, 35, 424706),
(1566, 3, '0000-00-00', 36, 36, 36, 36, 145514),
(1567, 3, '0000-00-00', 36, 37, 37, 36, 420955),
(1568, 3, '0000-00-00', 37, 38, 38, 38, 817879),
(1569, 3, '0000-00-00', 38, 38, 38, 38, 785023),
(1570, 3, '0000-00-00', 38, 39, 39, 38, 996238),
(1571, 3, '0000-00-00', 39, 38, 39, 38, 467126),
(1572, 3, '0000-00-00', 38, 38, 39, 38, 862956),
(1573, 3, '0000-00-00', 38, 38, 38, 37, 282102),
(1574, 3, '0000-00-00', 38, 37, 37, 36, 203297),
(1575, 3, '0000-00-00', 37, 37, 37, 36, 693912),
(1576, 3, '0000-00-00', 37, 36, 36, 36, 911114),
(1577, 3, '0000-00-00', 36, 36, 36, 35, 614593),
(1578, 3, '0000-00-00', 36, 37, 37, 36, 104281),
(1579, 3, '0000-00-00', 37, 38, 38, 37, 426308),
(1580, 3, '0000-00-00', 38, 38, 39, 38, 920854),
(1581, 3, '0000-00-00', 38, 39, 39, 38, 477506),
(1582, 3, '0000-00-00', 39, 39, 40, 39, 842113),
(1583, 3, '0000-00-00', 39, 41, 41, 40, 785229),
(1584, 3, '0000-00-00', 41, 42, 42, 41, 846804),
(1585, 3, '0000-00-00', 42, 42, 43, 42, 521649),
(1586, 3, '0000-00-00', 42, 43, 43, 42, 194147),
(1587, 3, '0000-00-00', 43, 43, 43, 43, 222268),
(1588, 3, '0000-00-00', 43, 44, 44, 43, 521074),
(1589, 3, '0000-00-00', 44, 44, 45, 44, 441265),
(1590, 3, '0000-00-00', 44, 46, 46, 46, 493885),
(1591, 3, '0000-00-00', 46, 45, 46, 45, 105240),
(1592, 3, '0000-00-00', 45, 46, 47, 46, 518604),
(1593, 3, '0000-00-00', 46, 46, 46, 45, 502289),
(1594, 3, '0000-00-00', 46, 46, 47, 46, 752768),
(1595, 3, '0000-00-00', 46, 46, 46, 45, 594235),
(1596, 3, '0000-00-00', 46, 47, 48, 47, 748833),
(1597, 3, '0000-00-00', 47, 47, 48, 47, 635958),
(1598, 3, '0000-00-00', 47, 48, 48, 47, 173720),
(1599, 3, '0000-00-00', 48, 48, 48, 47, 730356),
(1600, 3, '0000-00-00', 48, 47, 48, 47, 472454),
(1601, 3, '0000-00-00', 47, 48, 48, 47, 765218),
(1602, 3, '0000-00-00', 48, 47, 47, 46, 677718),
(1603, 3, '0000-00-00', 47, 48, 49, 48, 729640),
(1604, 3, '0000-00-00', 48, 49, 50, 49, 939405),
(1605, 3, '0000-00-00', 49, 48, 49, 48, 263059),
(1606, 3, '0000-00-00', 48, 49, 49, 48, 277500),
(1607, 3, '0000-00-00', 49, 50, 50, 49, 939728),
(1608, 3, '0000-00-00', 50, 49, 49, 48, 734826),
(1609, 3, '0000-00-00', 49, 50, 50, 49, 491339),
(1610, 3, '0000-00-00', 50, 50, 51, 50, 393491),
(1611, 3, '0000-00-00', 50, 50, 51, 50, 406636),
(1612, 3, '0000-00-00', 50, 51, 51, 50, 101201),
(1613, 3, '0000-00-00', 51, 50, 51, 50, 141825),
(1614, 3, '0000-00-00', 50, 50, 51, 50, 538910),
(1615, 3, '0000-00-00', 50, 51, 51, 50, 712117),
(1616, 3, '0000-00-00', 51, 51, 52, 51, 947472),
(1617, 3, '0000-00-00', 51, 51, 51, 50, 412232),
(1618, 3, '0000-00-00', 51, 50, 51, 50, 922650),
(1619, 3, '0000-00-00', 50, 52, 53, 52, 391668),
(1620, 3, '0000-00-00', 52, 51, 52, 51, 343942),
(1621, 3, '0000-00-00', 51, 51, 51, 50, 289436),
(1622, 3, '0000-00-00', 51, 52, 53, 52, 129997),
(1623, 3, '0000-00-00', 52, 52, 52, 51, 136366),
(1624, 3, '0000-00-00', 52, 52, 53, 52, 911337),
(1625, 3, '0000-00-00', 52, 52, 53, 52, 807270),
(1626, 3, '0000-00-00', 52, 53, 53, 52, 537700),
(1627, 3, '0000-00-00', 53, 54, 55, 54, 401532),
(1628, 3, '0000-00-00', 54, 54, 54, 53, 200009),
(1629, 3, '0000-00-00', 54, 54, 54, 53, 638407),
(1630, 3, '0000-00-00', 54, 56, 56, 55, 204938),
(1631, 3, '0000-00-00', 56, 56, 57, 55, 389336),
(1632, 3, '0000-00-00', 56, 58, 59, 57, 273633),
(1633, 3, '0000-00-00', 58, 57, 58, 57, 217932),
(1634, 3, '0000-00-00', 57, 59, 59, 58, 138291),
(1635, 3, '0000-00-00', 59, 57, 58, 57, 859524),
(1636, 3, '0000-00-00', 57, 59, 59, 58, 862230),
(1637, 3, '0000-00-00', 59, 61, 62, 60, 671741),
(1638, 3, '0000-00-00', 61, 61, 61, 60, 835324),
(1639, 3, '0000-00-00', 61, 62, 63, 62, 904779),
(1640, 3, '0000-00-00', 62, 63, 64, 62, 288595),
(1641, 3, '0000-00-00', 63, 63, 64, 62, 229503),
(1642, 3, '0000-00-00', 63, 63, 63, 62, 605770),
(1643, 3, '0000-00-00', 63, 62, 62, 61, 197177),
(1644, 3, '0000-00-00', 62, 63, 64, 63, 732257),
(1645, 3, '0000-00-00', 63, 64, 64, 63, 465093),
(1646, 3, '0000-00-00', 64, 65, 66, 64, 630217),
(1647, 3, '0000-00-00', 65, 66, 66, 65, 149197),
(1648, 3, '0000-00-00', 66, 68, 68, 67, 747022),
(1649, 3, '0000-00-00', 68, 68, 68, 67, 122887),
(1650, 3, '0000-00-00', 68, 66, 66, 65, 623236),
(1651, 3, '0000-00-00', 66, 68, 68, 67, 857587),
(1652, 3, '0000-00-00', 68, 69, 70, 69, 812967),
(1653, 3, '0000-00-00', 69, 68, 68, 67, 334063),
(1654, 3, '0000-00-00', 68, 69, 69, 68, 696317),
(1655, 3, '0000-00-00', 69, 67, 67, 66, 612698),
(1656, 3, '0000-00-00', 67, 65, 66, 64, 592436),
(1657, 3, '0000-00-00', 65, 67, 68, 66, 839607),
(1658, 3, '0000-00-00', 67, 70, 70, 69, 993646),
(1659, 3, '0000-00-00', 70, 70, 71, 70, 198127),
(1660, 3, '0000-00-00', 70, 69, 69, 68, 481413),
(1661, 3, '0000-00-00', 69, 70, 70, 69, 123963),
(1662, 3, '0000-00-00', 70, 68, 68, 67, 114375),
(1663, 3, '0000-00-00', 68, 67, 68, 66, 101302),
(1664, 3, '0000-00-00', 67, 65, 66, 65, 713674),
(1665, 3, '0000-00-00', 65, 64, 65, 64, 958749),
(1666, 3, '0000-00-00', 64, 63, 64, 62, 306498),
(1667, 3, '0000-00-00', 63, 64, 64, 63, 950830),
(1668, 3, '0000-00-00', 64, 62, 63, 62, 248080),
(1669, 3, '0000-00-00', 62, 62, 63, 62, 717330),
(1670, 3, '0000-00-00', 62, 64, 65, 63, 207294),
(1671, 3, '0000-00-00', 64, 64, 64, 63, 180965),
(1672, 3, '0000-00-00', 64, 63, 64, 63, 611373),
(1673, 3, '0000-00-00', 63, 65, 65, 64, 698780),
(1674, 3, '0000-00-00', 65, 66, 67, 65, 634134),
(1675, 3, '0000-00-00', 66, 65, 65, 64, 717467),
(1676, 3, '0000-00-00', 65, 64, 65, 63, 703448),
(1677, 3, '0000-00-00', 64, 66, 67, 65, 532249),
(1678, 3, '0000-00-00', 66, 66, 66, 65, 719435),
(1679, 3, '0000-00-00', 66, 65, 65, 64, 453389),
(1680, 3, '0000-00-00', 65, 64, 65, 63, 266197),
(1681, 3, '0000-00-00', 64, 63, 63, 62, 225507),
(1682, 3, '0000-00-00', 63, 63, 64, 62, 319740),
(1683, 3, '0000-00-00', 63, 63, 63, 62, 489281),
(1684, 3, '0000-00-00', 63, 63, 64, 63, 475146),
(1685, 3, '0000-00-00', 63, 64, 65, 64, 350335),
(1686, 3, '0000-00-00', 64, 64, 65, 64, 700940),
(1687, 3, '0000-00-00', 64, 66, 66, 65, 967500),
(1688, 3, '0000-00-00', 66, 67, 67, 66, 990640),
(1689, 3, '0000-00-00', 67, 67, 67, 66, 434752),
(1690, 3, '0000-00-00', 67, 68, 68, 67, 931387),
(1691, 3, '0000-00-00', 68, 68, 69, 67, 300144),
(1692, 3, '0000-00-00', 68, 69, 69, 68, 134105),
(1693, 3, '0000-00-00', 69, 71, 72, 70, 536106),
(1694, 3, '0000-00-00', 71, 73, 74, 72, 340135),
(1695, 3, '0000-00-00', 73, 76, 76, 75, 367974),
(1696, 3, '0000-00-00', 76, 78, 79, 78, 254957),
(1697, 3, '0000-00-00', 78, 80, 81, 79, 492402),
(1698, 3, '0000-00-00', 80, 82, 82, 81, 297672),
(1699, 3, '0000-00-00', 82, 84, 85, 83, 934417),
(1700, 3, '0000-00-00', 84, 84, 85, 83, 157582),
(1701, 3, '0000-00-00', 84, 83, 84, 82, 922288),
(1702, 3, '0000-00-00', 83, 82, 82, 81, 833864),
(1703, 3, '0000-00-00', 82, 80, 80, 79, 638695),
(1704, 3, '0000-00-00', 80, 80, 80, 79, 891328),
(1705, 3, '0000-00-00', 80, 81, 82, 80, 710338),
(1706, 3, '0000-00-00', 81, 79, 80, 78, 927570),
(1707, 3, '0000-00-00', 79, 80, 81, 80, 225934),
(1708, 3, '0000-00-00', 80, 82, 83, 81, 714090),
(1709, 3, '0000-00-00', 82, 84, 85, 83, 140479),
(1710, 3, '0000-00-00', 84, 83, 84, 82, 417448),
(1711, 3, '0000-00-00', 83, 83, 84, 82, 505206),
(1712, 3, '0000-00-00', 83, 81, 82, 81, 361245),
(1713, 3, '0000-00-00', 81, 83, 84, 83, 231371),
(1714, 3, '0000-00-00', 83, 83, 84, 82, 892660),
(1715, 3, '0000-00-00', 83, 84, 84, 83, 551480),
(1716, 3, '0000-00-00', 84, 86, 87, 85, 849928),
(1717, 3, '0000-00-00', 86, 85, 86, 84, 529171),
(1718, 3, '0000-00-00', 85, 88, 89, 87, 635302),
(1719, 3, '0000-00-00', 88, 91, 92, 91, 282001),
(1720, 3, '0000-00-00', 91, 90, 91, 89, 683314),
(1721, 3, '0000-00-00', 90, 91, 92, 91, 869383),
(1722, 3, '0000-00-00', 91, 89, 90, 88, 186374),
(1723, 3, '0000-00-00', 89, 92, 93, 91, 199329),
(1724, 3, '0000-00-00', 92, 96, 97, 95, 670303),
(1725, 3, '0000-00-00', 96, 99, 100, 98, 249982),
(1726, 3, '0000-00-00', 99, 99, 100, 98, 715069),
(1727, 3, '0000-00-00', 99, 97, 98, 97, 951139),
(1728, 3, '0000-00-00', 97, 99, 100, 98, 621478),
(1729, 3, '0000-00-00', 99, 98, 99, 97, 328625),
(1730, 3, '0000-00-00', 98, 98, 99, 97, 640452),
(1731, 3, '0000-00-00', 98, 101, 102, 100, 324798),
(1732, 3, '0000-00-00', 101, 104, 105, 103, 468258),
(1733, 3, '0000-00-00', 104, 102, 103, 101, 885693),
(1734, 3, '0000-00-00', 102, 100, 101, 99, 702857),
(1735, 3, '0000-00-00', 100, 98, 99, 97, 403589),
(1736, 3, '0000-00-00', 98, 99, 100, 98, 193587),
(1737, 3, '0000-00-00', 99, 101, 102, 100, 261515),
(1738, 3, '0000-00-00', 101, 103, 104, 102, 532153),
(1739, 3, '0000-00-00', 103, 100, 101, 99, 553892),
(1740, 3, '0000-00-00', 100, 104, 105, 103, 442612),
(1741, 3, '0000-00-00', 104, 106, 107, 104, 997801),
(1742, 3, '0000-00-00', 106, 109, 110, 108, 506578),
(1743, 3, '0000-00-00', 109, 113, 114, 112, 986510),
(1744, 3, '0000-00-00', 113, 117, 118, 116, 849244),
(1745, 3, '0000-00-00', 117, 115, 116, 114, 898188),
(1746, 3, '0000-00-00', 115, 114, 115, 113, 718218),
(1747, 3, '0000-00-00', 114, 118, 119, 117, 734910),
(1748, 3, '0000-00-00', 118, 119, 120, 118, 637177),
(1749, 3, '0000-00-00', 119, 117, 118, 115, 228315),
(1750, 3, '0000-00-00', 117, 120, 121, 119, 957621),
(1751, 3, '0000-00-00', 120, 120, 121, 119, 517695),
(1752, 3, '0000-00-00', 120, 123, 125, 122, 294016),
(1753, 3, '0000-00-00', 123, 127, 128, 125, 284017),
(1754, 3, '0000-00-00', 127, 124, 125, 122, 487633),
(1755, 3, '0000-00-00', 124, 126, 127, 124, 450163),
(1756, 3, '0000-00-00', 126, 128, 129, 127, 666221),
(1757, 3, '0000-00-00', 128, 129, 131, 128, 824585),
(1758, 3, '0000-00-00', 129, 133, 134, 131, 636145),
(1759, 3, '0000-00-00', 133, 131, 132, 130, 119111),
(1760, 3, '0000-00-00', 131, 135, 137, 134, 722642),
(1761, 3, '0000-00-00', 135, 139, 140, 138, 529441),
(1762, 3, '0000-00-00', 139, 144, 145, 142, 975087),
(1763, 3, '0000-00-00', 144, 144, 145, 143, 185810),
(1764, 3, '0000-00-00', 144, 142, 144, 141, 509743),
(1765, 3, '0000-00-00', 142, 145, 147, 144, 154798),
(1766, 3, '0000-00-00', 145, 148, 150, 147, 705686),
(1767, 3, '0000-00-00', 148, 146, 147, 144, 743636),
(1768, 3, '0000-00-00', 146, 146, 148, 145, 169661),
(1769, 3, '0000-00-00', 146, 143, 144, 141, 332817),
(1770, 3, '0000-00-00', 143, 141, 142, 139, 274847),
(1771, 3, '0000-00-00', 141, 143, 145, 142, 289500),
(1772, 3, '0000-00-00', 143, 142, 143, 140, 643919),
(1773, 3, '0000-00-00', 142, 141, 143, 140, 129331),
(1774, 3, '0000-00-00', 141, 140, 142, 139, 260208),
(1775, 3, '0000-00-00', 140, 144, 146, 143, 351644),
(1776, 3, '0000-00-00', 144, 147, 148, 145, 750147),
(1777, 3, '0000-00-00', 147, 151, 152, 149, 945676),
(1778, 3, '0000-00-00', 151, 149, 151, 148, 328123),
(1779, 3, '0000-00-00', 149, 150, 151, 148, 220084),
(1780, 3, '0000-00-00', 150, 152, 153, 150, 704025),
(1781, 3, '0000-00-00', 152, 156, 158, 154, 632401),
(1782, 3, '0000-00-00', 156, 153, 155, 152, 523703),
(1783, 3, '0000-00-00', 153, 158, 160, 157, 874899),
(1784, 3, '0000-00-00', 158, 160, 161, 158, 881019),
(1785, 3, '0000-00-00', 160, 157, 159, 156, 896536),
(1786, 3, '0000-00-00', 157, 159, 160, 157, 392708),
(1787, 3, '0000-00-00', 159, 158, 160, 157, 769957),
(1788, 3, '0000-00-00', 158, 159, 161, 158, 265716),
(1789, 3, '0000-00-00', 159, 164, 166, 163, 249306),
(1790, 3, '0000-00-00', 164, 165, 167, 164, 356291),
(1791, 3, '0000-00-00', 165, 162, 164, 160, 889672),
(1792, 3, '0000-00-00', 162, 167, 169, 165, 373974),
(1793, 3, '0000-00-00', 167, 167, 168, 165, 186035),
(1794, 3, '0000-00-00', 167, 171, 173, 169, 572274),
(1795, 3, '0000-00-00', 171, 168, 170, 166, 497536),
(1796, 3, '0000-00-00', 168, 170, 172, 168, 558041),
(1797, 3, '0000-00-00', 170, 168, 170, 167, 101228),
(1798, 3, '0000-00-00', 168, 170, 172, 169, 682855),
(1799, 3, '0000-00-00', 170, 168, 170, 167, 324661),
(1800, 3, '0000-00-00', 168, 175, 177, 173, 725420),
(1801, 3, '0000-00-00', 175, 182, 184, 180, 428903),
(1802, 3, '0000-00-00', 182, 186, 188, 185, 115098),
(1803, 3, '0000-00-00', 186, 188, 190, 186, 528010),
(1804, 3, '0000-00-00', 188, 189, 191, 187, 926200),
(1805, 3, '0000-00-00', 189, 187, 189, 185, 942043),
(1806, 3, '0000-00-00', 187, 192, 194, 190, 334086),
(1807, 3, '0000-00-00', 192, 198, 200, 196, 226037),
(1808, 3, '0000-00-00', 198, 202, 204, 200, 930739),
(1809, 3, '0000-00-00', 202, 197, 199, 195, 749754),
(1810, 3, '0000-00-00', 197, 196, 198, 194, 604844),
(1811, 3, '0000-00-00', 196, 191, 193, 189, 600358),
(1812, 3, '0000-00-00', 191, 191, 192, 189, 202234),
(1813, 3, '0000-00-00', 191, 195, 197, 193, 377223),
(1814, 3, '0000-00-00', 195, 191, 193, 189, 999783),
(1815, 3, '0000-00-00', 191, 187, 188, 185, 298804),
(1816, 3, '0000-00-00', 187, 185, 187, 183, 800361),
(1817, 3, '0000-00-00', 185, 184, 186, 182, 689279),
(1818, 3, '0000-00-00', 184, 183, 185, 181, 997003),
(1819, 3, '0000-00-00', 183, 187, 189, 185, 263726),
(1820, 3, '0000-00-00', 187, 184, 186, 182, 850814),
(1821, 3, '0000-00-00', 184, 190, 192, 188, 389201),
(1822, 3, '0000-00-00', 190, 192, 194, 190, 654649),
(1823, 3, '0000-00-00', 192, 196, 198, 194, 676246),
(1824, 3, '0000-00-00', 196, 203, 205, 201, 310821),
(1825, 3, '0000-00-00', 203, 208, 210, 206, 195676),
(1826, 3, '0000-00-00', 208, 215, 217, 213, 184059),
(1827, 3, '0000-00-00', 215, 220, 222, 217, 957865),
(1828, 3, '0000-00-00', 220, 217, 219, 214, 385293),
(1829, 3, '0000-00-00', 217, 214, 217, 212, 211393),
(1830, 3, '0000-00-00', 214, 216, 218, 214, 780825),
(1831, 3, '0000-00-00', 216, 220, 222, 217, 582477),
(1832, 3, '0000-00-00', 220, 224, 227, 222, 951448),
(1833, 3, '0000-00-00', 224, 225, 228, 223, 313717),
(1834, 3, '0000-00-00', 225, 222, 224, 220, 749333),
(1835, 3, '0000-00-00', 222, 221, 223, 219, 668105),
(1836, 3, '0000-00-00', 221, 224, 227, 222, 528753),
(1837, 3, '0000-00-00', 224, 227, 229, 225, 861127),
(1838, 3, '0000-00-00', 227, 228, 230, 226, 211136),
(1839, 3, '0000-00-00', 228, 229, 231, 226, 403753),
(1840, 3, '0000-00-00', 229, 237, 240, 235, 713810),
(1841, 3, '0000-00-00', 237, 240, 243, 238, 258479),
(1842, 3, '0000-00-00', 240, 236, 239, 234, 278540),
(1843, 3, '0000-00-00', 236, 242, 245, 240, 330521),
(1844, 3, '0000-00-00', 242, 238, 241, 236, 946659),
(1845, 3, '0000-00-00', 238, 238, 240, 235, 960684),
(1846, 3, '0000-00-00', 238, 237, 239, 234, 817263),
(1847, 3, '0000-00-00', 237, 233, 236, 231, 620022),
(1848, 3, '0000-00-00', 233, 235, 238, 233, 976763),
(1849, 3, '0000-00-00', 235, 231, 233, 229, 375330),
(1850, 3, '0000-00-00', 231, 236, 238, 234, 780072),
(1851, 3, '0000-00-00', 236, 239, 242, 237, 960155),
(1852, 3, '0000-00-00', 239, 235, 237, 233, 141090),
(1853, 3, '0000-00-00', 235, 231, 233, 229, 960274),
(1854, 3, '0000-00-00', 231, 229, 231, 227, 704644),
(1855, 3, '0000-00-00', 229, 235, 237, 232, 337250),
(1856, 3, '0000-00-00', 235, 234, 236, 231, 375287),
(1857, 3, '0000-00-00', 234, 240, 242, 237, 643746),
(1858, 3, '0000-00-00', 240, 238, 240, 235, 449883),
(1859, 3, '0000-00-00', 238, 238, 241, 236, 276855),
(1860, 3, '0000-00-00', 238, 233, 235, 230, 137347),
(1861, 3, '0000-00-00', 233, 240, 243, 238, 869544),
(1862, 3, '0000-00-00', 240, 250, 252, 247, 807656),
(1863, 3, '0000-00-00', 250, 256, 259, 253, 466789),
(1864, 3, '0000-00-00', 256, 265, 268, 262, 612370),
(1865, 3, '0000-00-00', 265, 267, 269, 264, 860776),
(1866, 3, '0000-00-00', 267, 263, 266, 260, 896161),
(1867, 3, '0000-00-00', 263, 259, 262, 257, 540529),
(1868, 3, '0000-00-00', 259, 255, 258, 253, 598843),
(1869, 3, '0000-00-00', 255, 252, 254, 249, 896527),
(1870, 3, '0000-00-00', 252, 246, 249, 244, 856694),
(1871, 3, '0000-00-00', 246, 241, 243, 238, 609971),
(1872, 3, '0000-00-00', 241, 239, 242, 237, 495105),
(1873, 3, '0000-00-00', 239, 242, 245, 240, 520188),
(1874, 3, '0000-00-00', 242, 239, 241, 237, 541982),
(1875, 3, '0000-00-00', 239, 233, 235, 231, 645147),
(1876, 3, '0000-00-00', 233, 232, 234, 229, 333128),
(1877, 3, '0000-00-00', 232, 230, 233, 228, 268405),
(1878, 3, '0000-00-00', 230, 227, 229, 225, 215666),
(1879, 3, '0000-00-00', 227, 230, 232, 227, 862384),
(1880, 3, '0000-00-00', 230, 238, 240, 236, 124302),
(1881, 3, '0000-00-00', 238, 234, 237, 232, 479326),
(1882, 3, '0000-00-00', 234, 241, 244, 239, 181839),
(1883, 3, '0000-00-00', 241, 241, 243, 238, 172364),
(1884, 3, '0000-00-00', 241, 241, 243, 238, 272740),
(1885, 3, '0000-00-00', 241, 247, 250, 245, 405125),
(1886, 3, '0000-00-00', 247, 254, 256, 251, 620834),
(1887, 3, '0000-00-00', 254, 251, 254, 249, 348052),
(1888, 3, '0000-00-00', 251, 251, 253, 248, 162888),
(1889, 3, '0000-00-00', 251, 259, 262, 256, 669495),
(1890, 3, '0000-00-00', 259, 257, 259, 254, 396446),
(1891, 3, '0000-00-00', 257, 255, 258, 252, 589710),
(1892, 3, '0000-00-00', 255, 264, 267, 261, 551611),
(1893, 3, '0000-00-00', 264, 262, 264, 259, 251685),
(1894, 3, '0000-00-00', 262, 257, 260, 255, 153408),
(1895, 3, '0000-00-00', 257, 264, 267, 262, 313850),
(1896, 3, '0000-00-00', 264, 267, 270, 264, 462630),
(1897, 3, '0000-00-00', 267, 260, 263, 258, 716505),
(1898, 3, '0000-00-00', 260, 266, 269, 264, 823916),
(1899, 3, '0000-00-00', 266, 261, 263, 258, 628040),
(1900, 3, '0000-00-00', 261, 265, 268, 263, 573349),
(1901, 3, '0000-00-00', 265, 266, 269, 263, 287082),
(1902, 3, '0000-00-00', 266, 260, 263, 258, 557379),
(1903, 3, '0000-00-00', 260, 257, 259, 254, 324821),
(1904, 3, '0000-00-00', 257, 258, 260, 255, 565647),
(1905, 3, '0000-00-00', 258, 254, 257, 252, 801514),
(1906, 3, '0000-00-00', 254, 250, 253, 248, 966076),
(1907, 3, '0000-00-00', 250, 249, 252, 247, 871137),
(1908, 3, '0000-00-00', 249, 259, 261, 256, 677436),
(1909, 3, '0000-00-00', 259, 255, 258, 253, 901893),
(1910, 3, '0000-00-00', 255, 257, 259, 254, 927866),
(1911, 3, '0000-00-00', 257, 256, 258, 253, 344008),
(1912, 3, '0000-00-00', 256, 250, 253, 248, 731766),
(1913, 3, '0000-00-00', 250, 247, 250, 245, 478655),
(1914, 3, '0000-00-00', 247, 244, 247, 242, 519345),
(1915, 3, '0000-00-00', 244, 242, 244, 240, 901206),
(1916, 3, '0000-00-00', 242, 250, 252, 247, 973962),
(1917, 3, '0000-00-00', 250, 253, 256, 251, 557874),
(1918, 3, '0000-00-00', 253, 251, 254, 249, 990655),
(1919, 3, '0000-00-00', 251, 249, 252, 247, 374643),
(1920, 3, '0000-00-00', 249, 256, 258, 253, 640755),
(1921, 3, '0000-00-00', 256, 252, 255, 249, 433830),
(1922, 3, '0000-00-00', 252, 245, 248, 243, 900957),
(1923, 3, '0000-00-00', 245, 251, 253, 248, 325449),
(1924, 3, '0000-00-00', 251, 244, 246, 242, 985060),
(1925, 3, '0000-00-00', 244, 254, 256, 251, 983614),
(1926, 3, '0000-00-00', 254, 258, 260, 255, 344477),
(1927, 3, '0000-00-00', 258, 261, 263, 258, 725299),
(1928, 3, '0000-00-00', 261, 261, 263, 258, 998329),
(1929, 3, '0000-00-00', 261, 257, 260, 255, 977747),
(1930, 3, '0000-00-00', 257, 256, 258, 253, 114164),
(1931, 3, '0000-00-00', 256, 264, 267, 261, 535516),
(1932, 3, '0000-00-00', 264, 258, 260, 255, 891241),
(1933, 3, '0000-00-00', 258, 254, 257, 252, 806669),
(1934, 3, '0000-00-00', 254, 262, 265, 260, 805260),
(1935, 3, '0000-00-00', 262, 256, 258, 253, 427303),
(1936, 3, '0000-00-00', 256, 265, 268, 262, 283195),
(1937, 3, '0000-00-00', 265, 272, 274, 269, 496407),
(1938, 3, '0000-00-00', 272, 265, 267, 262, 790954),
(1939, 3, '0000-00-00', 265, 273, 275, 270, 213599),
(1940, 3, '0000-00-00', 273, 274, 276, 271, 982575),
(1941, 3, '0000-00-00', 274, 277, 280, 274, 884856),
(1942, 3, '0000-00-00', 277, 287, 290, 284, 578263),
(1943, 3, '0000-00-00', 287, 287, 290, 284, 152263),
(1944, 3, '0000-00-00', 287, 292, 294, 289, 110905),
(1945, 3, '0000-00-00', 292, 287, 290, 284, 273157),
(1946, 3, '0000-00-00', 287, 283, 286, 280, 140438),
(1947, 3, '0000-00-00', 283, 277, 280, 274, 826573),
(1948, 3, '0000-00-00', 277, 280, 283, 278, 794834),
(1949, 3, '0000-00-00', 280, 285, 288, 282, 674637),
(1950, 3, '0000-00-00', 285, 278, 281, 276, 529258),
(1951, 3, '0000-00-00', 278, 274, 276, 271, 667308),
(1952, 3, '0000-00-00', 274, 273, 276, 270, 701298),
(1953, 3, '0000-00-00', 273, 280, 283, 277, 614815),
(1954, 3, '0000-00-00', 280, 275, 278, 272, 458661),
(1955, 3, '0000-00-00', 275, 277, 280, 275, 523668),
(1956, 3, '0000-00-00', 277, 273, 275, 270, 663524),
(1957, 3, '0000-00-00', 273, 282, 285, 279, 441160),
(1958, 3, '0000-00-00', 282, 278, 281, 276, 157286),
(1959, 3, '0000-00-00', 278, 280, 283, 277, 478139),
(1960, 3, '0000-00-00', 280, 283, 286, 280, 323747),
(1961, 3, '0000-00-00', 283, 283, 285, 280, 714481),
(1962, 3, '0000-00-00', 283, 281, 284, 278, 241112),
(1963, 3, '0000-00-00', 281, 278, 280, 275, 909167),
(1964, 3, '0000-00-00', 278, 287, 289, 284, 843119),
(1965, 3, '0000-00-00', 287, 282, 285, 279, 169872),
(1966, 3, '0000-00-00', 282, 287, 290, 284, 710418),
(1967, 3, '0000-00-00', 287, 288, 291, 285, 107008),
(1968, 3, '0000-00-00', 288, 284, 286, 281, 165658),
(1969, 3, '0000-00-00', 284, 285, 287, 282, 930706),
(1970, 3, '0000-00-00', 285, 292, 294, 289, 924691),
(1971, 3, '0000-00-00', 292, 290, 293, 287, 880159),
(1972, 3, '0000-00-00', 290, 288, 291, 285, 846531),
(1973, 3, '0000-00-00', 288, 289, 292, 286, 620697),
(1974, 3, '0000-00-00', 289, 283, 286, 280, 749811),
(1975, 3, '0000-00-00', 283, 280, 283, 278, 364437),
(1976, 3, '0000-00-00', 280, 290, 293, 287, 895431),
(1977, 3, '0000-00-00', 290, 294, 297, 291, 384483),
(1978, 3, '0000-00-00', 294, 304, 307, 301, 383225),
(1979, 3, '0000-00-00', 304, 313, 316, 310, 796276),
(1980, 3, '0000-00-00', 313, 312, 315, 309, 512684),
(1981, 3, '0000-00-00', 312, 320, 323, 317, 725092),
(1982, 3, '0000-00-00', 320, 326, 329, 323, 186192),
(1983, 3, '0000-00-00', 326, 319, 322, 316, 875657),
(1984, 3, '0000-00-00', 319, 318, 321, 314, 337938),
(1985, 3, '0000-00-00', 318, 318, 321, 314, 844784),
(1986, 3, '0000-00-00', 318, 315, 319, 312, 407204),
(1987, 3, '0000-00-00', 315, 319, 322, 315, 372160),
(1988, 3, '0000-00-00', 319, 311, 314, 307, 631058),
(1989, 3, '0000-00-00', 311, 317, 320, 314, 942741),
(1990, 3, '0000-00-00', 317, 319, 322, 316, 693953),
(1991, 3, '0000-00-00', 319, 331, 334, 328, 633159),
(1992, 3, '0000-00-00', 331, 340, 344, 337, 472273),
(1993, 3, '0000-00-00', 340, 347, 350, 343, 642498),
(1994, 3, '0000-00-00', 347, 338, 341, 334, 252429),
(1995, 3, '0000-00-00', 338, 338, 341, 334, 913995),
(1996, 3, '0000-00-00', 338, 336, 340, 333, 556544),
(1997, 3, '0000-00-00', 336, 334, 337, 331, 696227),
(1998, 3, '0000-00-00', 334, 338, 341, 335, 129058),
(1999, 3, '0000-00-00', 338, 341, 344, 337, 247840),
(2000, 3, '0000-00-00', 341, 333, 337, 330, 958911),
(2001, 3, '0000-00-00', 333, 346, 350, 343, 830653),
(2002, 3, '0000-00-00', 346, 350, 354, 347, 284536),
(2003, 3, '0000-00-00', 350, 357, 360, 353, 512890),
(2004, 3, '0000-00-00', 357, 355, 358, 351, 575279),
(2005, 3, '0000-00-00', 355, 368, 371, 364, 468115),
(2006, 3, '0000-00-00', 368, 369, 372, 365, 532714),
(2007, 3, '0000-00-00', 369, 363, 367, 359, 109171),
(2008, 3, '0000-00-00', 363, 358, 362, 355, 745190),
(2009, 3, '0000-00-00', 358, 355, 358, 351, 395829),
(2010, 3, '0000-00-00', 355, 364, 368, 360, 600828),
(2011, 3, '0000-00-00', 364, 355, 359, 352, 120582),
(2012, 3, '0000-00-00', 355, 367, 371, 363, 152989),
(2013, 3, '0000-00-00', 367, 379, 382, 375, 474601),
(2014, 3, '0000-00-00', 379, 385, 389, 382, 665982),
(2015, 3, '0000-00-00', 385, 398, 402, 394, 398122),
(2016, 3, '0000-00-00', 398, 396, 400, 392, 429047),
(2017, 3, '0000-00-00', 396, 403, 407, 399, 725420),
(2018, 3, '0000-00-00', 403, 401, 405, 397, 905717),
(2019, 3, '0000-00-00', 401, 412, 416, 408, 987827),
(2020, 3, '0000-00-00', 412, 406, 410, 402, 713924),
(2021, 3, '0000-00-00', 406, 410, 414, 406, 475706),
(2022, 3, '0000-00-00', 410, 415, 419, 411, 150933),
(2023, 3, '0000-00-00', 415, 429, 433, 425, 529587);
INSERT INTO `pricehistory` (`ID`, `CryptoID`, `Date`, `Open`, `Close`, `High`, `Low`, `Volume`) VALUES
(2024, 3, '0000-00-00', 429, 429, 433, 425, 560512),
(2025, 3, '0000-00-00', 429, 437, 441, 432, 124119),
(2026, 3, '0000-00-00', 437, 454, 458, 449, 294561),
(2027, 3, '0000-00-00', 454, 472, 477, 467, 258139),
(2028, 3, '0000-00-00', 472, 473, 478, 468, 132545),
(2029, 3, '0000-00-00', 473, 487, 492, 483, 213788),
(2030, 3, '0000-00-00', 487, 505, 510, 500, 756948),
(2031, 3, '0000-00-00', 505, 517, 522, 512, 428961),
(2032, 3, '0000-00-00', 517, 514, 519, 508, 330502),
(2033, 3, '0000-00-00', 514, 505, 510, 500, 570982),
(2034, 3, '0000-00-00', 505, 513, 519, 508, 336151),
(2035, 3, '0000-00-00', 513, 506, 511, 501, 812177),
(2036, 3, '0000-00-00', 506, 499, 504, 494, 259742),
(2037, 3, '0000-00-00', 499, 515, 521, 510, 465314),
(2038, 3, '0000-00-00', 515, 525, 530, 520, 765281),
(2039, 3, '0000-00-00', 525, 518, 524, 513, 498652),
(2040, 3, '0000-00-00', 518, 511, 516, 506, 260636),
(2041, 3, '0000-00-00', 511, 506, 511, 501, 105565),
(2042, 3, '0000-00-00', 506, 503, 508, 498, 402129),
(2043, 3, '0000-00-00', 503, 517, 522, 512, 961923),
(2044, 3, '0000-00-00', 517, 518, 523, 512, 721768),
(2045, 3, '0000-00-00', 518, 515, 520, 510, 528170),
(2046, 3, '0000-00-00', 515, 534, 539, 529, 143137),
(2047, 3, '0000-00-00', 534, 524, 529, 519, 948913),
(2048, 3, '0000-00-00', 524, 510, 515, 505, 207453),
(2049, 3, '0000-00-00', 510, 503, 508, 498, 451813),
(2050, 3, '0000-00-00', 503, 511, 516, 505, 620414),
(2051, 3, '0000-00-00', 511, 507, 512, 502, 782758),
(2052, 3, '0000-00-00', 507, 505, 510, 500, 537410),
(2053, 3, '0000-00-00', 505, 512, 517, 507, 706484),
(2054, 3, '0000-00-00', 512, 510, 515, 505, 333911),
(2055, 3, '0000-00-00', 510, 507, 512, 502, 158495),
(2056, 3, '0000-00-00', 507, 512, 517, 506, 145077),
(2057, 3, '0000-00-00', 512, 519, 524, 514, 962379),
(2058, 3, '0000-00-00', 519, 529, 534, 523, 506365),
(2059, 3, '0000-00-00', 529, 518, 523, 513, 377777),
(2060, 3, '0000-00-00', 518, 532, 537, 526, 285065),
(2061, 3, '0000-00-00', 532, 525, 530, 520, 623183),
(2062, 3, '0000-00-00', 525, 530, 536, 525, 177535),
(2063, 3, '0000-00-00', 530, 534, 539, 528, 608314),
(2064, 3, '0000-00-00', 534, 527, 532, 521, 406073),
(2065, 3, '0000-00-00', 527, 544, 550, 539, 755450),
(2066, 3, '0000-00-00', 544, 549, 554, 543, 495617),
(2067, 3, '0000-00-00', 549, 538, 544, 533, 869550),
(2068, 3, '0000-00-00', 538, 533, 538, 527, 151366),
(2069, 3, '0000-00-00', 533, 540, 546, 535, 106776),
(2070, 3, '0000-00-00', 540, 535, 540, 530, 212914),
(2071, 3, '0000-00-00', 535, 530, 535, 525, 838869),
(2072, 3, '0000-00-00', 530, 534, 540, 529, 402619),
(2073, 3, '0000-00-00', 534, 552, 557, 546, 150498),
(2074, 3, '0000-00-00', 552, 563, 569, 557, 222095),
(2075, 3, '0000-00-00', 563, 583, 589, 577, 722945),
(2076, 3, '0000-00-00', 583, 607, 613, 600, 377746),
(2077, 3, '0000-00-00', 607, 629, 635, 623, 614902),
(2078, 3, '0000-00-00', 629, 619, 625, 613, 588836),
(2079, 3, '0000-00-00', 619, 610, 616, 604, 537534),
(2080, 3, '0000-00-00', 610, 604, 610, 598, 511776),
(2081, 3, '0000-00-00', 604, 592, 598, 586, 248997),
(2082, 3, '0000-00-00', 592, 594, 600, 588, 246469),
(2083, 3, '0000-00-00', 594, 585, 591, 579, 465084),
(2084, 3, '0000-00-00', 585, 577, 583, 571, 307734),
(2085, 3, '0000-00-00', 577, 595, 601, 589, 662423),
(2086, 3, '0000-00-00', 595, 616, 622, 610, 236437),
(2087, 3, '0000-00-00', 616, 618, 624, 612, 205635),
(2088, 3, '0000-00-00', 618, 623, 629, 616, 379437),
(2089, 3, '0000-00-00', 623, 613, 619, 607, 164127),
(2090, 3, '0000-00-00', 613, 604, 610, 598, 397155),
(2091, 3, '0000-00-00', 604, 603, 609, 597, 887922),
(2092, 3, '0000-00-00', 603, 623, 630, 617, 597547),
(2093, 3, '0000-00-00', 623, 633, 639, 626, 211431),
(2094, 3, '0000-00-00', 633, 645, 652, 639, 314929),
(2095, 3, '0000-00-00', 645, 630, 636, 623, 353759),
(2096, 3, '0000-00-00', 630, 624, 630, 618, 498019),
(2097, 3, '0000-00-00', 624, 638, 645, 632, 697169),
(2098, 3, '0000-00-00', 638, 657, 664, 651, 431699),
(2099, 3, '0000-00-00', 657, 642, 648, 635, 512253),
(2100, 3, '0000-00-00', 642, 644, 650, 637, 413392),
(2101, 3, '0000-00-00', 644, 651, 658, 645, 966497),
(2102, 3, '0000-00-00', 651, 656, 663, 649, 227110),
(2103, 3, '0000-00-00', 656, 660, 667, 654, 274464),
(2104, 3, '0000-00-00', 660, 660, 667, 654, 834119),
(2105, 3, '0000-00-00', 660, 669, 676, 662, 829561),
(2106, 3, '0000-00-00', 669, 662, 669, 656, 927587),
(2107, 3, '0000-00-00', 662, 678, 685, 672, 865301),
(2108, 3, '0000-00-00', 678, 698, 705, 691, 445879),
(2109, 3, '0000-00-00', 698, 693, 700, 686, 153878),
(2110, 3, '0000-00-00', 693, 715, 722, 708, 852679),
(2111, 3, '0000-00-00', 715, 726, 734, 719, 331715),
(2112, 3, '0000-00-00', 726, 734, 741, 727, 220220),
(2113, 3, '0000-00-00', 734, 757, 764, 749, 664824),
(2114, 3, '0000-00-00', 757, 786, 794, 778, 340322),
(2115, 3, '0000-00-00', 786, 816, 824, 808, 334589),
(2116, 3, '0000-00-00', 816, 825, 834, 817, 829512),
(2117, 3, '0000-00-00', 825, 821, 829, 813, 141406),
(2118, 3, '0000-00-00', 821, 824, 832, 816, 314255),
(2119, 3, '0000-00-00', 824, 847, 856, 839, 524004),
(2120, 3, '0000-00-00', 847, 836, 844, 828, 489439),
(2121, 3, '0000-00-00', 836, 830, 838, 822, 255064),
(2122, 3, '0000-00-00', 830, 809, 818, 801, 926314),
(2123, 3, '0000-00-00', 809, 805, 813, 797, 882981),
(2124, 3, '0000-00-00', 805, 829, 837, 820, 603402),
(2125, 3, '0000-00-00', 829, 850, 858, 841, 988363),
(2126, 3, '0000-00-00', 850, 869, 878, 860, 595606),
(2127, 3, '0000-00-00', 869, 859, 867, 850, 156483),
(2128, 3, '0000-00-00', 859, 856, 864, 847, 829451),
(2129, 3, '0000-00-00', 856, 861, 869, 852, 553398),
(2130, 3, '0000-00-00', 861, 884, 893, 875, 572626),
(2131, 3, '0000-00-00', 884, 877, 886, 868, 268175),
(2132, 3, '0000-00-00', 877, 855, 864, 847, 413065),
(2133, 3, '0000-00-00', 855, 882, 891, 873, 584934),
(2134, 3, '0000-00-00', 882, 900, 909, 891, 397121),
(2135, 3, '0000-00-00', 900, 909, 918, 900, 418278),
(2136, 3, '0000-00-00', 909, 898, 907, 889, 269322),
(2137, 3, '0000-00-00', 898, 875, 884, 866, 548377),
(2138, 3, '0000-00-00', 875, 887, 895, 878, 658320),
(2139, 3, '0000-00-00', 887, 903, 912, 893, 126343),
(2140, 3, '0000-00-00', 903, 928, 938, 919, 521207),
(2141, 3, '0000-00-00', 928, 922, 931, 913, 421724),
(2142, 3, '0000-00-00', 922, 898, 907, 889, 451782),
(2143, 3, '0000-00-00', 898, 893, 902, 884, 297205),
(2144, 3, '0000-00-00', 893, 883, 892, 874, 567204),
(2145, 3, '0000-00-00', 883, 907, 916, 898, 646413),
(2146, 3, '0000-00-00', 907, 940, 949, 931, 285077),
(2147, 3, '0000-00-00', 940, 976, 986, 966, 965988),
(2148, 3, '0000-00-00', 976, 994, 1004, 984, 796882),
(2149, 3, '0000-00-00', 994, 1021, 1031, 1011, 269313),
(2150, 3, '0000-00-00', 1021, 1055, 1066, 1045, 533671),
(2151, 3, '0000-00-00', 1055, 1070, 1081, 1059, 975652),
(2152, 3, '0000-00-00', 1070, 1090, 1101, 1079, 654110),
(2153, 3, '0000-00-00', 1090, 1129, 1140, 1118, 797079),
(2154, 3, '0000-00-00', 1129, 1104, 1115, 1093, 225057),
(2155, 3, '0000-00-00', 1104, 1093, 1104, 1082, 613323),
(2156, 3, '0000-00-00', 1093, 1128, 1140, 1117, 996963),
(2157, 3, '0000-00-00', 1128, 1106, 1118, 1095, 150090),
(2158, 3, '0000-00-00', 1106, 1087, 1098, 1076, 437226),
(2159, 3, '0000-00-00', 1087, 1083, 1094, 1072, 587701),
(2160, 3, '0000-00-00', 1083, 1072, 1083, 1061, 221475),
(2161, 3, '0000-00-00', 1072, 1103, 1114, 1092, 849858),
(2162, 3, '0000-00-00', 1103, 1096, 1107, 1085, 897623),
(2163, 3, '0000-00-00', 1096, 1109, 1120, 1098, 442344),
(2164, 3, '0000-00-00', 1109, 1092, 1103, 1081, 133714),
(2165, 3, '0000-00-00', 1092, 1084, 1095, 1074, 815840),
(2166, 3, '0000-00-00', 1084, 1118, 1129, 1106, 617996),
(2167, 3, '0000-00-00', 1118, 1151, 1163, 1140, 892517),
(2168, 3, '0000-00-00', 1151, 1153, 1165, 1142, 999210),
(2169, 3, '0000-00-00', 1153, 1162, 1174, 1150, 658367),
(2170, 3, '0000-00-00', 1162, 1196, 1208, 1184, 206917),
(2171, 3, '0000-00-00', 1196, 1226, 1239, 1214, 291741),
(2172, 3, '0000-00-00', 1226, 1194, 1206, 1182, 604627),
(2173, 3, '0000-00-00', 1194, 1201, 1213, 1189, 356751),
(2174, 3, '0000-00-00', 1201, 1170, 1181, 1158, 589180),
(2175, 3, '0000-00-00', 1170, 1215, 1227, 1203, 179726),
(2176, 3, '0000-00-00', 1215, 1185, 1197, 1173, 567615),
(2177, 3, '0000-00-00', 1185, 1209, 1221, 1196, 416160),
(2178, 3, '0000-00-00', 1209, 1255, 1268, 1243, 666471),
(2179, 3, '0000-00-00', 1255, 1226, 1238, 1214, 775665),
(2180, 3, '0000-00-00', 1226, 1198, 1210, 1186, 254403),
(2181, 3, '0000-00-00', 1198, 1172, 1184, 1160, 433504),
(2182, 3, '0000-00-00', 1172, 1206, 1218, 1194, 383306),
(2183, 3, '0000-00-00', 1206, 1247, 1260, 1235, 352094),
(2184, 3, '0000-00-00', 1247, 1281, 1294, 1269, 836079),
(2185, 3, '0000-00-00', 1281, 1329, 1342, 1316, 689148),
(2186, 3, '0000-00-00', 1329, 1324, 1337, 1311, 557404),
(2187, 3, '0000-00-00', 1324, 1326, 1339, 1312, 573146),
(2188, 3, '0000-00-00', 1326, 1362, 1375, 1348, 960783),
(2189, 3, '0000-00-00', 1362, 1358, 1372, 1345, 852674),
(2190, 3, '0000-00-00', 1358, 1394, 1407, 1380, 147504),
(2191, 3, '0000-00-00', 1394, 1357, 1371, 1344, 397344),
(2192, 3, '0000-00-00', 1357, 1360, 1374, 1346, 169218),
(2193, 3, '0000-00-00', 1360, 1326, 1340, 1313, 507391),
(2194, 4, '0000-00-00', 12, 12, 12, 12, 660704),
(2195, 4, '0000-00-00', 12, 12, 12, 12, 340743),
(2196, 4, '0000-00-00', 12, 12, 12, 12, 769791),
(2197, 4, '0000-00-00', 12, 12, 12, 11, 449278),
(2198, 4, '0000-00-00', 12, 12, 12, 12, 760398),
(2199, 4, '0000-00-00', 12, 12, 12, 12, 201783),
(2200, 4, '0000-00-00', 12, 12, 12, 12, 698973),
(2201, 4, '0000-00-00', 12, 12, 12, 12, 129687),
(2202, 4, '0000-00-00', 12, 12, 12, 12, 896862),
(2203, 4, '0000-00-00', 12, 12, 12, 12, 176826),
(2204, 4, '0000-00-00', 12, 13, 13, 13, 994736),
(2205, 4, '0000-00-00', 13, 13, 13, 13, 622159),
(2206, 4, '0000-00-00', 13, 13, 13, 13, 475821),
(2207, 4, '0000-00-00', 13, 13, 13, 13, 206742),
(2208, 4, '0000-00-00', 13, 14, 14, 13, 108406),
(2209, 4, '0000-00-00', 14, 13, 13, 13, 856580),
(2210, 4, '0000-00-00', 13, 14, 14, 13, 660321),
(2211, 4, '0000-00-00', 14, 14, 14, 14, 966300),
(2212, 4, '0000-00-00', 14, 14, 14, 13, 920740),
(2213, 4, '0000-00-00', 14, 13, 14, 13, 390840),
(2214, 4, '0000-00-00', 13, 14, 14, 14, 290935),
(2215, 4, '0000-00-00', 14, 14, 14, 14, 702564),
(2216, 4, '0000-00-00', 14, 14, 14, 14, 607514),
(2217, 4, '0000-00-00', 14, 14, 14, 14, 896437),
(2218, 4, '0000-00-00', 14, 14, 14, 14, 956675),
(2219, 4, '0000-00-00', 14, 15, 15, 14, 965696),
(2220, 4, '0000-00-00', 15, 15, 15, 15, 366210),
(2221, 4, '0000-00-00', 15, 15, 16, 15, 962501),
(2222, 4, '0000-00-00', 15, 15, 15, 15, 146097),
(2223, 4, '0000-00-00', 15, 15, 16, 15, 987330),
(2224, 4, '0000-00-00', 15, 16, 16, 15, 632319),
(2225, 4, '0000-00-00', 16, 15, 15, 15, 442585),
(2226, 4, '0000-00-00', 15, 15, 15, 15, 369023),
(2227, 4, '0000-00-00', 15, 15, 15, 15, 776742),
(2228, 4, '0000-00-00', 15, 15, 15, 15, 872585),
(2229, 4, '0000-00-00', 15, 15, 15, 15, 548792),
(2230, 4, '0000-00-00', 15, 15, 15, 15, 747556),
(2231, 4, '0000-00-00', 15, 15, 15, 15, 470574),
(2232, 4, '0000-00-00', 15, 15, 15, 15, 190708),
(2233, 4, '0000-00-00', 15, 15, 15, 15, 762313),
(2234, 4, '0000-00-00', 15, 15, 15, 15, 740410),
(2235, 4, '0000-00-00', 15, 15, 15, 15, 548226),
(2236, 4, '0000-00-00', 15, 15, 15, 15, 109770),
(2237, 4, '0000-00-00', 15, 16, 16, 16, 316042),
(2238, 4, '0000-00-00', 16, 16, 16, 15, 203159),
(2239, 4, '0000-00-00', 16, 16, 16, 15, 534133),
(2240, 4, '0000-00-00', 16, 15, 15, 15, 449621),
(2241, 4, '0000-00-00', 15, 15, 16, 15, 560808),
(2242, 4, '0000-00-00', 15, 15, 15, 15, 454615),
(2243, 4, '0000-00-00', 15, 16, 16, 16, 125323),
(2244, 4, '0000-00-00', 16, 16, 16, 16, 659679),
(2245, 4, '0000-00-00', 16, 16, 16, 16, 772873),
(2246, 4, '0000-00-00', 16, 17, 17, 16, 264595),
(2247, 4, '0000-00-00', 17, 17, 17, 17, 896630),
(2248, 4, '0000-00-00', 17, 17, 17, 16, 751179),
(2249, 4, '0000-00-00', 17, 16, 17, 16, 436704),
(2250, 4, '0000-00-00', 16, 16, 16, 16, 149251),
(2251, 4, '0000-00-00', 16, 16, 17, 16, 790164),
(2252, 4, '0000-00-00', 16, 17, 17, 17, 428613),
(2253, 4, '0000-00-00', 17, 17, 17, 17, 755437),
(2254, 4, '0000-00-00', 17, 17, 17, 16, 150828),
(2255, 4, '0000-00-00', 17, 17, 17, 16, 434882),
(2256, 4, '0000-00-00', 17, 16, 17, 16, 200826),
(2257, 4, '0000-00-00', 16, 17, 17, 17, 620197),
(2258, 4, '0000-00-00', 17, 17, 17, 17, 415429),
(2259, 4, '0000-00-00', 17, 18, 18, 17, 339531),
(2260, 4, '0000-00-00', 18, 17, 17, 17, 279428),
(2261, 4, '0000-00-00', 17, 17, 17, 17, 700718),
(2262, 4, '0000-00-00', 17, 18, 18, 18, 337443),
(2263, 4, '0000-00-00', 18, 17, 18, 17, 401130),
(2264, 4, '0000-00-00', 17, 18, 18, 17, 169060),
(2265, 4, '0000-00-00', 18, 18, 18, 17, 647732),
(2266, 4, '0000-00-00', 18, 18, 18, 18, 117338),
(2267, 4, '0000-00-00', 18, 18, 18, 18, 534609),
(2268, 4, '0000-00-00', 18, 18, 18, 17, 587090),
(2269, 4, '0000-00-00', 18, 18, 18, 18, 899800),
(2270, 4, '0000-00-00', 18, 18, 19, 18, 774329),
(2271, 4, '0000-00-00', 18, 18, 19, 18, 938366),
(2272, 4, '0000-00-00', 18, 18, 18, 18, 505651),
(2273, 4, '0000-00-00', 18, 18, 18, 17, 893040),
(2274, 4, '0000-00-00', 18, 18, 18, 17, 905169),
(2275, 4, '0000-00-00', 18, 18, 18, 17, 394480),
(2276, 4, '0000-00-00', 18, 18, 18, 18, 271947),
(2277, 4, '0000-00-00', 18, 18, 18, 18, 206073),
(2278, 4, '0000-00-00', 18, 18, 18, 17, 997821),
(2279, 4, '0000-00-00', 18, 17, 17, 17, 579886),
(2280, 4, '0000-00-00', 17, 18, 18, 18, 679267),
(2281, 4, '0000-00-00', 18, 17, 18, 17, 189297),
(2282, 4, '0000-00-00', 17, 18, 18, 18, 363593),
(2283, 4, '0000-00-00', 18, 18, 18, 18, 215697),
(2284, 4, '0000-00-00', 18, 19, 19, 18, 101841),
(2285, 4, '0000-00-00', 19, 19, 19, 19, 869124),
(2286, 4, '0000-00-00', 19, 20, 20, 20, 952169),
(2287, 4, '0000-00-00', 20, 19, 20, 19, 185313),
(2288, 4, '0000-00-00', 19, 19, 20, 19, 397177),
(2289, 4, '0000-00-00', 19, 20, 20, 20, 657577),
(2290, 4, '0000-00-00', 20, 20, 20, 20, 938276),
(2291, 4, '0000-00-00', 20, 19, 20, 19, 283881),
(2292, 4, '0000-00-00', 19, 20, 20, 20, 994380),
(2293, 4, '0000-00-00', 20, 20, 21, 20, 489526),
(2294, 4, '0000-00-00', 20, 20, 20, 20, 427202),
(2295, 4, '0000-00-00', 20, 20, 20, 20, 644317),
(2296, 4, '0000-00-00', 20, 20, 21, 20, 637220),
(2297, 4, '0000-00-00', 20, 20, 21, 20, 720362),
(2298, 4, '0000-00-00', 20, 21, 21, 21, 121943),
(2299, 4, '0000-00-00', 21, 21, 21, 21, 346074),
(2300, 4, '0000-00-00', 21, 21, 21, 21, 219357),
(2301, 4, '0000-00-00', 21, 21, 21, 20, 756413),
(2302, 4, '0000-00-00', 21, 21, 21, 20, 262096),
(2303, 4, '0000-00-00', 21, 21, 21, 21, 208234),
(2304, 4, '0000-00-00', 21, 21, 21, 21, 410849),
(2305, 4, '0000-00-00', 21, 21, 21, 21, 823196),
(2306, 4, '0000-00-00', 21, 21, 21, 21, 882919),
(2307, 4, '0000-00-00', 21, 21, 21, 21, 664958),
(2308, 4, '0000-00-00', 21, 21, 21, 20, 749302),
(2309, 4, '0000-00-00', 21, 21, 21, 21, 703690),
(2310, 4, '0000-00-00', 21, 22, 22, 21, 271569),
(2311, 4, '0000-00-00', 22, 22, 22, 22, 341343),
(2312, 4, '0000-00-00', 22, 22, 22, 22, 286242),
(2313, 4, '0000-00-00', 22, 22, 22, 21, 919207),
(2314, 4, '0000-00-00', 22, 21, 22, 21, 267633),
(2315, 4, '0000-00-00', 21, 22, 22, 22, 227522),
(2316, 4, '0000-00-00', 22, 22, 22, 22, 582595),
(2317, 4, '0000-00-00', 22, 23, 23, 23, 481477),
(2318, 4, '0000-00-00', 23, 24, 24, 24, 423643),
(2319, 4, '0000-00-00', 24, 24, 24, 23, 472214),
(2320, 4, '0000-00-00', 24, 24, 25, 24, 984397),
(2321, 4, '0000-00-00', 24, 24, 24, 24, 547277),
(2322, 4, '0000-00-00', 24, 25, 25, 25, 392702),
(2323, 4, '0000-00-00', 25, 26, 26, 25, 719145),
(2324, 4, '0000-00-00', 26, 26, 27, 26, 298909),
(2325, 4, '0000-00-00', 26, 26, 27, 26, 773158),
(2326, 4, '0000-00-00', 26, 26, 27, 26, 154952),
(2327, 4, '0000-00-00', 26, 26, 26, 26, 660125),
(2328, 4, '0000-00-00', 26, 26, 26, 26, 243330),
(2329, 4, '0000-00-00', 26, 26, 26, 26, 682196),
(2330, 4, '0000-00-00', 26, 26, 27, 26, 492328),
(2331, 4, '0000-00-00', 26, 26, 26, 25, 537078),
(2332, 4, '0000-00-00', 26, 26, 26, 26, 689569),
(2333, 4, '0000-00-00', 26, 26, 26, 26, 620026),
(2334, 4, '0000-00-00', 26, 26, 26, 26, 510851),
(2335, 4, '0000-00-00', 26, 25, 25, 25, 677845),
(2336, 4, '0000-00-00', 25, 26, 26, 25, 394431),
(2337, 4, '0000-00-00', 26, 26, 26, 25, 422059),
(2338, 4, '0000-00-00', 26, 25, 25, 25, 924850),
(2339, 4, '0000-00-00', 25, 25, 25, 24, 241969),
(2340, 4, '0000-00-00', 25, 24, 24, 24, 838781),
(2341, 4, '0000-00-00', 24, 24, 24, 24, 563932),
(2342, 4, '0000-00-00', 24, 25, 25, 25, 587650),
(2343, 4, '0000-00-00', 25, 25, 25, 24, 638955),
(2344, 4, '0000-00-00', 25, 25, 25, 25, 416603),
(2345, 4, '0000-00-00', 25, 25, 25, 24, 792213),
(2346, 4, '0000-00-00', 25, 25, 25, 25, 716554),
(2347, 4, '0000-00-00', 25, 26, 26, 25, 395499),
(2348, 4, '0000-00-00', 26, 26, 26, 26, 980869),
(2349, 4, '0000-00-00', 26, 27, 27, 27, 884981),
(2350, 4, '0000-00-00', 27, 26, 27, 26, 326582),
(2351, 4, '0000-00-00', 26, 27, 27, 27, 926356),
(2352, 4, '0000-00-00', 27, 28, 29, 28, 833447),
(2353, 4, '0000-00-00', 28, 29, 29, 29, 844310),
(2354, 4, '0000-00-00', 29, 29, 29, 28, 523768),
(2355, 4, '0000-00-00', 29, 29, 29, 29, 421770),
(2356, 4, '0000-00-00', 29, 30, 30, 29, 314264),
(2357, 4, '0000-00-00', 30, 31, 31, 30, 529721),
(2358, 4, '0000-00-00', 31, 32, 32, 31, 691744),
(2359, 4, '0000-00-00', 32, 31, 32, 31, 874702),
(2360, 4, '0000-00-00', 31, 33, 33, 32, 317469),
(2361, 4, '0000-00-00', 33, 33, 33, 32, 676798),
(2362, 4, '0000-00-00', 33, 33, 33, 33, 391973),
(2363, 4, '0000-00-00', 33, 33, 33, 33, 793045),
(2364, 4, '0000-00-00', 33, 33, 33, 32, 171327),
(2365, 4, '0000-00-00', 33, 32, 32, 32, 216192),
(2366, 4, '0000-00-00', 32, 31, 32, 31, 824961),
(2367, 4, '0000-00-00', 31, 32, 32, 31, 623791),
(2368, 4, '0000-00-00', 32, 31, 32, 31, 413438),
(2369, 4, '0000-00-00', 31, 32, 32, 31, 476990),
(2370, 4, '0000-00-00', 32, 32, 32, 32, 784174),
(2371, 4, '0000-00-00', 32, 32, 33, 32, 772332),
(2372, 4, '0000-00-00', 32, 33, 33, 32, 316570),
(2373, 4, '0000-00-00', 33, 34, 34, 34, 884255),
(2374, 4, '0000-00-00', 34, 35, 35, 34, 541421),
(2375, 4, '0000-00-00', 35, 35, 35, 34, 785953),
(2376, 4, '0000-00-00', 35, 35, 35, 35, 956258),
(2377, 4, '0000-00-00', 35, 36, 36, 35, 159582),
(2378, 4, '0000-00-00', 36, 37, 37, 37, 627430),
(2379, 4, '0000-00-00', 37, 38, 38, 37, 258637),
(2380, 4, '0000-00-00', 38, 37, 38, 37, 440454),
(2381, 4, '0000-00-00', 37, 38, 39, 38, 572308),
(2382, 4, '0000-00-00', 38, 39, 39, 38, 675284),
(2383, 4, '0000-00-00', 39, 38, 38, 38, 149473),
(2384, 4, '0000-00-00', 38, 38, 38, 38, 889828),
(2385, 4, '0000-00-00', 38, 39, 40, 39, 142522),
(2386, 4, '0000-00-00', 39, 39, 39, 39, 700858),
(2387, 4, '0000-00-00', 39, 38, 38, 38, 634749),
(2388, 4, '0000-00-00', 38, 39, 40, 39, 618428),
(2389, 4, '0000-00-00', 39, 39, 40, 39, 339956),
(2390, 4, '0000-00-00', 39, 40, 41, 40, 876192),
(2391, 4, '0000-00-00', 40, 39, 40, 39, 247587),
(2392, 4, '0000-00-00', 39, 40, 40, 39, 228856),
(2393, 4, '0000-00-00', 40, 41, 41, 41, 719427),
(2394, 4, '0000-00-00', 41, 40, 40, 40, 646300),
(2395, 4, '0000-00-00', 40, 40, 41, 40, 656941),
(2396, 4, '0000-00-00', 40, 42, 42, 41, 147540),
(2397, 4, '0000-00-00', 42, 42, 42, 41, 839389),
(2398, 4, '0000-00-00', 42, 41, 41, 40, 581074),
(2399, 4, '0000-00-00', 41, 42, 42, 41, 856022),
(2400, 4, '0000-00-00', 42, 42, 42, 41, 649551),
(2401, 4, '0000-00-00', 42, 43, 44, 43, 469881),
(2402, 4, '0000-00-00', 43, 44, 45, 44, 374711),
(2403, 4, '0000-00-00', 44, 45, 46, 45, 570158),
(2404, 4, '0000-00-00', 45, 45, 45, 44, 445053),
(2405, 4, '0000-00-00', 45, 45, 46, 45, 258257),
(2406, 4, '0000-00-00', 45, 45, 46, 45, 375027),
(2407, 4, '0000-00-00', 45, 44, 45, 44, 448755),
(2408, 4, '0000-00-00', 44, 44, 45, 44, 214748),
(2409, 4, '0000-00-00', 44, 45, 46, 45, 819403),
(2410, 4, '0000-00-00', 45, 46, 47, 46, 150050),
(2411, 4, '0000-00-00', 46, 46, 46, 46, 428878),
(2412, 4, '0000-00-00', 46, 47, 48, 47, 178764),
(2413, 4, '0000-00-00', 47, 47, 48, 47, 538441),
(2414, 4, '0000-00-00', 47, 46, 46, 45, 585459),
(2415, 4, '0000-00-00', 46, 45, 45, 44, 274997),
(2416, 4, '0000-00-00', 45, 44, 44, 44, 170522),
(2417, 4, '0000-00-00', 44, 45, 45, 45, 219254),
(2418, 4, '0000-00-00', 45, 46, 47, 46, 227655),
(2419, 4, '0000-00-00', 46, 47, 48, 47, 664056),
(2420, 4, '0000-00-00', 47, 46, 46, 46, 270870),
(2421, 4, '0000-00-00', 46, 45, 45, 44, 109218),
(2422, 4, '0000-00-00', 45, 44, 45, 44, 993415),
(2423, 4, '0000-00-00', 44, 46, 46, 45, 321207),
(2424, 4, '0000-00-00', 46, 46, 47, 46, 410649),
(2425, 4, '0000-00-00', 46, 47, 47, 46, 281584),
(2426, 4, '0000-00-00', 47, 47, 48, 47, 605817),
(2427, 4, '0000-00-00', 47, 47, 47, 46, 897802),
(2428, 4, '0000-00-00', 47, 48, 48, 47, 550276),
(2429, 4, '0000-00-00', 48, 47, 47, 46, 480695),
(2430, 4, '0000-00-00', 47, 48, 49, 48, 394800),
(2431, 4, '0000-00-00', 48, 50, 51, 50, 541465),
(2432, 4, '0000-00-00', 50, 52, 52, 51, 770735),
(2433, 4, '0000-00-00', 52, 51, 52, 51, 801123),
(2434, 4, '0000-00-00', 51, 53, 54, 53, 357646),
(2435, 4, '0000-00-00', 53, 54, 54, 53, 360866),
(2436, 4, '0000-00-00', 54, 53, 53, 52, 951006),
(2437, 4, '0000-00-00', 53, 52, 53, 52, 431827),
(2438, 4, '0000-00-00', 52, 52, 53, 51, 170539),
(2439, 4, '0000-00-00', 52, 52, 53, 52, 887047),
(2440, 4, '0000-00-00', 52, 54, 54, 53, 541325),
(2441, 4, '0000-00-00', 54, 55, 55, 54, 760219),
(2442, 4, '0000-00-00', 55, 55, 55, 54, 131090),
(2443, 4, '0000-00-00', 55, 54, 54, 53, 526731),
(2444, 4, '0000-00-00', 54, 53, 53, 52, 430522),
(2445, 4, '0000-00-00', 53, 53, 54, 53, 653667),
(2446, 4, '0000-00-00', 53, 55, 55, 54, 258373),
(2447, 4, '0000-00-00', 55, 54, 55, 54, 871579),
(2448, 4, '0000-00-00', 54, 54, 55, 53, 996062),
(2449, 4, '0000-00-00', 54, 56, 56, 55, 654594),
(2450, 4, '0000-00-00', 56, 58, 58, 57, 426398),
(2451, 4, '0000-00-00', 58, 57, 58, 57, 486833),
(2452, 4, '0000-00-00', 57, 58, 58, 57, 868109),
(2453, 4, '0000-00-00', 58, 56, 57, 56, 528213),
(2454, 4, '0000-00-00', 56, 58, 58, 57, 398847),
(2455, 4, '0000-00-00', 58, 56, 57, 56, 653833),
(2456, 4, '0000-00-00', 56, 58, 59, 57, 819583),
(2457, 4, '0000-00-00', 58, 57, 57, 56, 135561),
(2458, 4, '0000-00-00', 57, 56, 56, 55, 124712),
(2459, 4, '0000-00-00', 56, 55, 56, 55, 606021),
(2460, 4, '0000-00-00', 55, 57, 58, 56, 555608),
(2461, 4, '0000-00-00', 57, 57, 58, 57, 565087),
(2462, 4, '0000-00-00', 57, 58, 59, 58, 319806),
(2463, 4, '0000-00-00', 58, 60, 61, 60, 819318),
(2464, 4, '0000-00-00', 60, 59, 59, 58, 709231),
(2465, 4, '0000-00-00', 59, 61, 61, 60, 120255),
(2466, 4, '0000-00-00', 61, 61, 61, 60, 437774),
(2467, 4, '0000-00-00', 61, 63, 63, 62, 123131),
(2468, 4, '0000-00-00', 63, 63, 63, 62, 325478),
(2469, 4, '0000-00-00', 63, 61, 62, 61, 445194),
(2470, 4, '0000-00-00', 61, 62, 62, 61, 825198),
(2471, 4, '0000-00-00', 62, 60, 61, 59, 130730),
(2472, 4, '0000-00-00', 60, 59, 60, 59, 238780),
(2473, 4, '0000-00-00', 59, 58, 59, 57, 816094),
(2474, 4, '0000-00-00', 58, 57, 58, 56, 856386),
(2475, 4, '0000-00-00', 57, 58, 59, 58, 795244),
(2476, 4, '0000-00-00', 58, 60, 60, 59, 633363),
(2477, 4, '0000-00-00', 60, 59, 59, 58, 410354),
(2478, 4, '0000-00-00', 59, 58, 59, 57, 611348),
(2479, 4, '0000-00-00', 58, 58, 58, 57, 883184),
(2480, 4, '0000-00-00', 58, 59, 59, 58, 434321),
(2481, 4, '0000-00-00', 59, 58, 59, 58, 381204),
(2482, 4, '0000-00-00', 58, 61, 61, 60, 441804),
(2483, 4, '0000-00-00', 61, 59, 60, 59, 384750),
(2484, 4, '0000-00-00', 59, 61, 62, 60, 486299),
(2485, 4, '0000-00-00', 61, 63, 63, 62, 521913),
(2486, 4, '0000-00-00', 63, 64, 65, 64, 300179),
(2487, 4, '0000-00-00', 64, 67, 67, 66, 770579),
(2488, 4, '0000-00-00', 67, 67, 68, 67, 638167),
(2489, 4, '0000-00-00', 67, 66, 67, 66, 544664),
(2490, 4, '0000-00-00', 66, 68, 69, 67, 645326),
(2491, 4, '0000-00-00', 68, 68, 68, 67, 310117),
(2492, 4, '0000-00-00', 68, 67, 67, 66, 741613),
(2493, 4, '0000-00-00', 67, 69, 70, 69, 297746),
(2494, 4, '0000-00-00', 69, 69, 70, 68, 485017),
(2495, 4, '0000-00-00', 69, 70, 70, 69, 587432),
(2496, 4, '0000-00-00', 70, 68, 69, 68, 284528),
(2497, 4, '0000-00-00', 68, 68, 68, 67, 927722),
(2498, 4, '0000-00-00', 68, 66, 66, 65, 862788),
(2499, 4, '0000-00-00', 66, 67, 68, 66, 402558),
(2500, 4, '0000-00-00', 67, 69, 69, 68, 346784),
(2501, 4, '0000-00-00', 69, 70, 71, 70, 356652),
(2502, 4, '0000-00-00', 70, 69, 69, 68, 316448),
(2503, 4, '0000-00-00', 69, 69, 69, 68, 852398),
(2504, 4, '0000-00-00', 69, 70, 71, 69, 216851),
(2505, 4, '0000-00-00', 70, 69, 70, 69, 281430),
(2506, 4, '0000-00-00', 69, 71, 72, 70, 156522),
(2507, 4, '0000-00-00', 71, 71, 72, 70, 237576),
(2508, 4, '0000-00-00', 71, 73, 73, 72, 358840),
(2509, 4, '0000-00-00', 73, 75, 76, 74, 825685),
(2510, 4, '0000-00-00', 75, 75, 76, 74, 963734),
(2511, 4, '0000-00-00', 75, 74, 75, 74, 890286),
(2512, 4, '0000-00-00', 74, 75, 76, 74, 627700),
(2513, 4, '0000-00-00', 75, 74, 75, 73, 754540),
(2514, 4, '0000-00-00', 74, 77, 78, 76, 395872),
(2515, 4, '0000-00-00', 77, 75, 76, 75, 338687),
(2516, 4, '0000-00-00', 75, 77, 78, 76, 831042),
(2517, 4, '0000-00-00', 77, 78, 79, 78, 893856),
(2518, 4, '0000-00-00', 78, 80, 81, 80, 158206),
(2519, 4, '0000-00-00', 80, 79, 79, 78, 583656),
(2520, 4, '0000-00-00', 79, 78, 79, 78, 212294),
(2521, 4, '0000-00-00', 78, 81, 82, 80, 927056),
(2522, 4, '0000-00-00', 81, 82, 83, 82, 892349),
(2523, 4, '0000-00-00', 82, 81, 82, 81, 373546),
(2524, 4, '0000-00-00', 81, 83, 83, 82, 979449),
(2525, 4, '0000-00-00', 83, 85, 86, 84, 632048),
(2526, 4, '0000-00-00', 85, 84, 85, 83, 756166),
(2527, 4, '0000-00-00', 84, 84, 84, 83, 874736),
(2528, 4, '0000-00-00', 84, 85, 85, 84, 100731),
(2529, 4, '0000-00-00', 85, 88, 89, 87, 556174),
(2530, 4, '0000-00-00', 88, 87, 88, 87, 605277),
(2531, 4, '0000-00-00', 87, 87, 88, 87, 501912),
(2532, 4, '0000-00-00', 87, 88, 89, 87, 981546),
(2533, 4, '0000-00-00', 88, 88, 88, 87, 633901),
(2534, 4, '0000-00-00', 88, 89, 90, 88, 251436),
(2535, 4, '0000-00-00', 89, 92, 93, 91, 417566),
(2536, 4, '0000-00-00', 92, 91, 92, 91, 901527),
(2537, 4, '0000-00-00', 91, 91, 92, 90, 863174),
(2538, 4, '0000-00-00', 91, 93, 94, 92, 942839),
(2539, 4, '0000-00-00', 93, 96, 97, 95, 110690),
(2540, 4, '0000-00-00', 96, 94, 95, 93, 804837),
(2541, 4, '0000-00-00', 94, 93, 94, 92, 901575),
(2542, 4, '0000-00-00', 93, 94, 95, 93, 396848),
(2543, 4, '0000-00-00', 94, 92, 93, 91, 845885),
(2544, 4, '0000-00-00', 92, 94, 94, 93, 367483),
(2545, 4, '0000-00-00', 94, 95, 96, 95, 542232),
(2546, 4, '0000-00-00', 95, 93, 94, 92, 924470),
(2547, 4, '0000-00-00', 93, 93, 94, 92, 950438),
(2548, 4, '0000-00-00', 93, 94, 95, 93, 165439),
(2549, 4, '0000-00-00', 94, 92, 93, 91, 473954),
(2550, 4, '0000-00-00', 92, 95, 96, 94, 749649),
(2551, 4, '0000-00-00', 95, 95, 96, 94, 973191),
(2552, 4, '0000-00-00', 95, 94, 95, 93, 378977),
(2553, 4, '0000-00-00', 94, 97, 98, 96, 801476),
(2554, 4, '0000-00-00', 97, 98, 99, 97, 170193),
(2555, 4, '0000-00-00', 98, 96, 97, 95, 520301),
(2556, 4, '0000-00-00', 96, 95, 96, 94, 837818),
(2557, 4, '0000-00-00', 95, 98, 99, 97, 455080),
(2558, 4, '0000-00-00', 98, 99, 100, 98, 205963),
(2559, 4, '0000-00-00', 99, 99, 100, 98, 532869),
(2560, 4, '0000-00-00', 99, 102, 103, 101, 965372),
(2561, 4, '0000-00-00', 102, 104, 105, 103, 609257),
(2562, 4, '0000-00-00', 104, 103, 104, 102, 787829),
(2563, 4, '0000-00-00', 103, 101, 102, 100, 208678),
(2564, 4, '0000-00-00', 101, 104, 105, 103, 831202),
(2565, 4, '0000-00-00', 104, 108, 109, 107, 734190),
(2566, 4, '0000-00-00', 108, 107, 108, 106, 556869),
(2567, 4, '0000-00-00', 107, 106, 107, 105, 921930),
(2568, 4, '0000-00-00', 106, 109, 110, 108, 336556),
(2569, 4, '0000-00-00', 109, 112, 113, 111, 848054),
(2570, 4, '0000-00-00', 112, 114, 115, 113, 237376),
(2571, 4, '0000-00-00', 114, 118, 119, 117, 632171),
(2572, 4, '0000-00-00', 118, 121, 122, 119, 652135),
(2573, 4, '0000-00-00', 121, 123, 124, 122, 652796),
(2574, 4, '0000-00-00', 123, 120, 122, 119, 618668),
(2575, 4, '0000-00-00', 120, 118, 119, 116, 648453),
(2576, 4, '0000-00-00', 118, 120, 122, 119, 961432),
(2577, 4, '0000-00-00', 120, 118, 120, 117, 509332),
(2578, 4, '0000-00-00', 118, 116, 117, 115, 304987),
(2579, 4, '0000-00-00', 116, 118, 119, 117, 179513),
(2580, 4, '0000-00-00', 118, 118, 119, 117, 872276),
(2581, 4, '0000-00-00', 118, 119, 120, 118, 552973),
(2582, 4, '0000-00-00', 119, 121, 122, 120, 409270),
(2583, 4, '0000-00-00', 121, 124, 126, 123, 216929),
(2584, 4, '0000-00-00', 124, 126, 127, 125, 293407),
(2585, 4, '0000-00-00', 126, 129, 130, 128, 472502),
(2586, 4, '0000-00-00', 129, 132, 133, 130, 432001),
(2587, 4, '0000-00-00', 132, 136, 138, 135, 785322),
(2588, 4, '0000-00-00', 136, 133, 134, 131, 831489),
(2589, 4, '0000-00-00', 133, 135, 136, 134, 939947),
(2590, 4, '0000-00-00', 135, 138, 140, 137, 738335),
(2591, 4, '0000-00-00', 138, 143, 144, 141, 914481),
(2592, 4, '0000-00-00', 143, 145, 146, 143, 109215),
(2593, 4, '0000-00-00', 145, 146, 147, 144, 742135),
(2594, 4, '0000-00-00', 146, 148, 149, 146, 621224),
(2595, 4, '0000-00-00', 148, 145, 146, 143, 772659),
(2596, 4, '0000-00-00', 145, 146, 147, 145, 890771),
(2597, 4, '0000-00-00', 146, 146, 147, 144, 914747),
(2598, 4, '0000-00-00', 146, 142, 144, 141, 921594),
(2599, 4, '0000-00-00', 142, 147, 148, 145, 223191),
(2600, 4, '0000-00-00', 147, 147, 149, 146, 805179),
(2601, 4, '0000-00-00', 147, 144, 145, 142, 663825),
(2602, 4, '0000-00-00', 144, 148, 149, 146, 555218),
(2603, 4, '0000-00-00', 148, 144, 146, 143, 457565),
(2604, 4, '0000-00-00', 144, 146, 148, 145, 352178),
(2605, 4, '0000-00-00', 146, 150, 152, 149, 197927),
(2606, 4, '0000-00-00', 150, 155, 156, 153, 453235),
(2607, 4, '0000-00-00', 155, 157, 158, 155, 337022),
(2608, 4, '0000-00-00', 157, 154, 156, 153, 579411),
(2609, 4, '0000-00-00', 154, 156, 157, 154, 957681),
(2610, 4, '0000-00-00', 156, 162, 163, 160, 116966),
(2611, 4, '0000-00-00', 162, 163, 165, 162, 451560),
(2612, 4, '0000-00-00', 163, 159, 161, 158, 580442),
(2613, 4, '0000-00-00', 159, 161, 163, 159, 689056),
(2614, 4, '0000-00-00', 161, 158, 160, 157, 335351),
(2615, 4, '0000-00-00', 158, 161, 163, 159, 499895),
(2616, 4, '0000-00-00', 161, 159, 161, 158, 219272),
(2617, 4, '0000-00-00', 159, 159, 161, 158, 808549),
(2618, 4, '0000-00-00', 159, 160, 161, 158, 899598),
(2619, 4, '0000-00-00', 160, 162, 164, 160, 519150),
(2620, 4, '0000-00-00', 162, 160, 162, 158, 737851),
(2621, 4, '0000-00-00', 160, 160, 162, 159, 751062),
(2622, 4, '0000-00-00', 160, 160, 161, 158, 207365),
(2623, 4, '0000-00-00', 160, 159, 160, 157, 660402),
(2624, 4, '0000-00-00', 159, 162, 164, 161, 915199),
(2625, 4, '0000-00-00', 162, 168, 170, 166, 856732),
(2626, 4, '0000-00-00', 168, 175, 177, 173, 453894),
(2627, 4, '0000-00-00', 175, 176, 177, 174, 240798),
(2628, 4, '0000-00-00', 176, 179, 181, 177, 297855),
(2629, 4, '0000-00-00', 179, 175, 176, 173, 299133),
(2630, 4, '0000-00-00', 175, 179, 181, 178, 831188),
(2631, 4, '0000-00-00', 179, 178, 179, 176, 523507),
(2632, 4, '0000-00-00', 178, 182, 184, 180, 788053),
(2633, 4, '0000-00-00', 182, 187, 188, 185, 743790),
(2634, 4, '0000-00-00', 187, 193, 195, 191, 331531),
(2635, 4, '0000-00-00', 193, 191, 193, 189, 722148),
(2636, 4, '0000-00-00', 191, 195, 197, 193, 707424),
(2637, 4, '0000-00-00', 195, 193, 195, 191, 325918),
(2638, 4, '0000-00-00', 193, 190, 192, 188, 597015),
(2639, 4, '0000-00-00', 190, 186, 188, 184, 288243),
(2640, 4, '0000-00-00', 186, 190, 192, 188, 377611),
(2641, 4, '0000-00-00', 190, 195, 197, 193, 283469),
(2642, 4, '0000-00-00', 195, 200, 202, 198, 758299),
(2643, 4, '0000-00-00', 200, 204, 206, 202, 624887),
(2644, 4, '0000-00-00', 204, 203, 205, 201, 864655),
(2645, 4, '0000-00-00', 203, 208, 210, 206, 810250),
(2646, 4, '0000-00-00', 208, 209, 211, 207, 990614),
(2647, 4, '0000-00-00', 209, 207, 209, 205, 497149),
(2648, 4, '0000-00-00', 207, 207, 209, 205, 677630),
(2649, 4, '0000-00-00', 207, 215, 217, 213, 707461),
(2650, 4, '0000-00-00', 215, 218, 220, 216, 286462),
(2651, 4, '0000-00-00', 218, 226, 228, 224, 552912),
(2652, 4, '0000-00-00', 226, 232, 234, 229, 964120),
(2653, 4, '0000-00-00', 232, 233, 235, 230, 316270),
(2654, 4, '0000-00-00', 233, 229, 232, 227, 333592),
(2655, 4, '0000-00-00', 229, 229, 231, 227, 274867),
(2656, 4, '0000-00-00', 229, 237, 239, 234, 243967),
(2657, 4, '0000-00-00', 237, 233, 235, 230, 751983),
(2658, 4, '0000-00-00', 233, 238, 240, 235, 774345),
(2659, 4, '0000-00-00', 238, 239, 242, 237, 268762),
(2660, 4, '0000-00-00', 239, 245, 248, 243, 714964),
(2661, 4, '0000-00-00', 245, 252, 255, 250, 836149),
(2662, 4, '0000-00-00', 252, 262, 265, 260, 716814),
(2663, 4, '0000-00-00', 262, 269, 271, 266, 596219),
(2664, 4, '0000-00-00', 269, 270, 272, 267, 609612),
(2665, 4, '0000-00-00', 270, 272, 275, 269, 288698),
(2666, 4, '0000-00-00', 272, 282, 285, 279, 873683),
(2667, 4, '0000-00-00', 282, 282, 285, 280, 302211),
(2668, 4, '0000-00-00', 282, 293, 296, 290, 471017),
(2669, 4, '0000-00-00', 293, 302, 305, 299, 357842),
(2670, 4, '0000-00-00', 302, 297, 300, 294, 721067),
(2671, 4, '0000-00-00', 297, 290, 293, 287, 485022),
(2672, 4, '0000-00-00', 290, 290, 293, 287, 407961),
(2673, 4, '0000-00-00', 290, 296, 299, 293, 329323),
(2674, 4, '0000-00-00', 296, 298, 301, 295, 857865),
(2675, 4, '0000-00-00', 298, 292, 295, 289, 727076),
(2676, 4, '0000-00-00', 292, 303, 306, 300, 334418),
(2677, 4, '0000-00-00', 303, 298, 301, 295, 979793),
(2678, 4, '0000-00-00', 298, 309, 312, 306, 971294),
(2679, 4, '0000-00-00', 309, 308, 311, 305, 589774),
(2680, 4, '0000-00-00', 308, 309, 312, 306, 556024),
(2681, 4, '0000-00-00', 309, 307, 310, 304, 801445),
(2682, 4, '0000-00-00', 307, 317, 320, 314, 546851),
(2683, 4, '0000-00-00', 317, 329, 332, 325, 394169),
(2684, 4, '0000-00-00', 329, 331, 334, 328, 807660),
(2685, 4, '0000-00-00', 331, 337, 340, 334, 460835),
(2686, 4, '0000-00-00', 337, 331, 334, 328, 348320),
(2687, 4, '0000-00-00', 331, 336, 340, 333, 180224),
(2688, 4, '0000-00-00', 336, 334, 337, 330, 841899),
(2689, 4, '0000-00-00', 334, 337, 340, 333, 244485),
(2690, 4, '0000-00-00', 337, 329, 332, 326, 601256),
(2691, 4, '0000-00-00', 329, 340, 344, 337, 869341),
(2692, 4, '0000-00-00', 340, 350, 354, 347, 155230),
(2693, 4, '0000-00-00', 350, 351, 354, 347, 342911),
(2694, 4, '0000-00-00', 351, 349, 352, 345, 833168),
(2695, 4, '0000-00-00', 349, 340, 343, 336, 700605),
(2696, 4, '0000-00-00', 340, 338, 341, 335, 733402),
(2697, 4, '0000-00-00', 338, 344, 347, 340, 679230),
(2698, 4, '0000-00-00', 344, 347, 350, 343, 961155),
(2699, 4, '0000-00-00', 347, 351, 354, 347, 467634),
(2700, 4, '0000-00-00', 351, 364, 368, 360, 812980),
(2701, 4, '0000-00-00', 364, 370, 374, 366, 533812),
(2702, 4, '0000-00-00', 370, 374, 377, 370, 323484),
(2703, 4, '0000-00-00', 374, 374, 378, 370, 388419),
(2704, 4, '0000-00-00', 374, 372, 376, 369, 139620),
(2705, 4, '0000-00-00', 372, 385, 389, 381, 766782),
(2706, 4, '0000-00-00', 385, 393, 397, 389, 456303),
(2707, 4, '0000-00-00', 393, 384, 387, 380, 185264),
(2708, 4, '0000-00-00', 384, 388, 392, 384, 319703),
(2709, 4, '0000-00-00', 388, 396, 400, 392, 485184),
(2710, 4, '0000-00-00', 396, 399, 403, 395, 983330),
(2711, 4, '0000-00-00', 399, 403, 407, 399, 342718),
(2712, 4, '0000-00-00', 403, 400, 404, 396, 856115),
(2713, 4, '0000-00-00', 400, 390, 394, 386, 390417),
(2714, 4, '0000-00-00', 390, 404, 408, 400, 354434),
(2715, 4, '0000-00-00', 404, 402, 406, 398, 474927),
(2716, 4, '0000-00-00', 402, 416, 420, 412, 480000),
(2717, 4, '0000-00-00', 416, 422, 426, 417, 131418),
(2718, 4, '0000-00-00', 422, 415, 419, 411, 642864),
(2719, 4, '0000-00-00', 415, 409, 413, 404, 385358),
(2720, 4, '0000-00-00', 409, 420, 424, 416, 644111),
(2721, 4, '0000-00-00', 420, 409, 413, 405, 815937),
(2722, 4, '0000-00-00', 409, 414, 418, 410, 521780),
(2723, 4, '0000-00-00', 414, 426, 430, 421, 145333),
(2724, 4, '0000-00-00', 426, 420, 424, 415, 640284),
(2725, 4, '0000-00-00', 420, 425, 429, 420, 829869),
(2726, 4, '0000-00-00', 425, 433, 437, 429, 340776),
(2727, 4, '0000-00-00', 433, 434, 438, 430, 271674),
(2728, 4, '0000-00-00', 434, 427, 431, 423, 552571),
(2729, 4, '0000-00-00', 427, 439, 443, 434, 916692),
(2730, 4, '0000-00-00', 439, 451, 455, 446, 995738),
(2731, 4, '0000-00-00', 451, 441, 446, 437, 302877),
(2732, 4, '0000-00-00', 441, 433, 437, 429, 545878),
(2733, 4, '0000-00-00', 433, 426, 430, 421, 331614),
(2734, 4, '0000-00-00', 426, 430, 434, 426, 550825),
(2735, 4, '0000-00-00', 430, 431, 435, 426, 363869),
(2736, 4, '0000-00-00', 431, 434, 439, 430, 217796),
(2737, 4, '0000-00-00', 434, 437, 442, 433, 340605),
(2738, 4, '0000-00-00', 437, 427, 431, 422, 935775),
(2739, 4, '0000-00-00', 427, 425, 429, 421, 950112),
(2740, 4, '0000-00-00', 425, 428, 432, 423, 253215),
(2741, 4, '0000-00-00', 428, 433, 437, 428, 663845),
(2742, 4, '0000-00-00', 433, 433, 437, 428, 957810),
(2743, 4, '0000-00-00', 433, 426, 430, 421, 922099),
(2744, 4, '0000-00-00', 426, 439, 443, 435, 734633),
(2745, 4, '0000-00-00', 439, 450, 455, 446, 967399),
(2746, 4, '0000-00-00', 450, 457, 461, 452, 608994),
(2747, 4, '0000-00-00', 457, 446, 450, 441, 440927),
(2748, 4, '0000-00-00', 446, 440, 444, 435, 472595),
(2749, 4, '0000-00-00', 440, 445, 449, 440, 972555),
(2750, 4, '0000-00-00', 445, 456, 460, 451, 996302),
(2751, 4, '0000-00-00', 456, 465, 469, 460, 589299),
(2752, 4, '0000-00-00', 465, 469, 474, 465, 996115),
(2753, 4, '0000-00-00', 469, 464, 469, 459, 951465),
(2754, 4, '0000-00-00', 464, 463, 467, 458, 280756),
(2755, 4, '0000-00-00', 463, 477, 482, 473, 437727),
(2756, 4, '0000-00-00', 477, 495, 500, 490, 228461),
(2757, 4, '0000-00-00', 495, 483, 488, 478, 820027),
(2758, 4, '0000-00-00', 483, 502, 507, 497, 142613),
(2759, 4, '0000-00-00', 502, 490, 495, 485, 705818),
(2760, 4, '0000-00-00', 490, 491, 496, 486, 373955),
(2761, 4, '0000-00-00', 491, 499, 503, 494, 854913),
(2762, 4, '0000-00-00', 499, 490, 495, 485, 909282),
(2763, 4, '0000-00-00', 490, 496, 501, 491, 952946),
(2764, 4, '0000-00-00', 496, 502, 507, 497, 100034),
(2765, 4, '0000-00-00', 502, 502, 507, 497, 867438),
(2766, 4, '0000-00-00', 502, 496, 501, 491, 325678),
(2767, 4, '0000-00-00', 496, 498, 503, 493, 760335),
(2768, 4, '0000-00-00', 498, 511, 516, 506, 973439),
(2769, 4, '0000-00-00', 511, 506, 511, 501, 133224),
(2770, 4, '0000-00-00', 506, 507, 512, 502, 923152),
(2771, 4, '0000-00-00', 507, 508, 513, 503, 338524),
(2772, 4, '0000-00-00', 508, 511, 516, 506, 115048),
(2773, 4, '0000-00-00', 511, 511, 516, 506, 672371),
(2774, 4, '0000-00-00', 511, 510, 515, 504, 498846),
(2775, 4, '0000-00-00', 510, 530, 535, 524, 997196),
(2776, 4, '0000-00-00', 530, 521, 527, 516, 491301),
(2777, 4, '0000-00-00', 521, 542, 548, 537, 831388),
(2778, 4, '0000-00-00', 542, 562, 568, 557, 608104),
(2779, 4, '0000-00-00', 562, 550, 555, 544, 159867),
(2780, 4, '0000-00-00', 550, 560, 566, 555, 158049),
(2781, 4, '0000-00-00', 560, 557, 563, 552, 786972),
(2782, 4, '0000-00-00', 557, 542, 548, 537, 868894),
(2783, 4, '0000-00-00', 542, 555, 560, 549, 416558),
(2784, 4, '0000-00-00', 555, 541, 546, 535, 364319),
(2785, 4, '0000-00-00', 541, 554, 559, 548, 933804),
(2786, 4, '0000-00-00', 554, 566, 572, 561, 667570),
(2787, 4, '0000-00-00', 566, 586, 592, 580, 522157),
(2788, 4, '0000-00-00', 586, 589, 595, 583, 730466),
(2789, 4, '0000-00-00', 589, 580, 586, 574, 379932),
(2790, 4, '0000-00-00', 580, 597, 603, 591, 770678),
(2791, 4, '0000-00-00', 597, 595, 601, 589, 800333),
(2792, 4, '0000-00-00', 595, 589, 595, 583, 116796),
(2793, 4, '0000-00-00', 589, 589, 595, 583, 986608),
(2794, 4, '0000-00-00', 589, 596, 602, 590, 194917),
(2795, 4, '0000-00-00', 596, 615, 621, 609, 158835),
(2796, 4, '0000-00-00', 615, 604, 610, 598, 727317),
(2797, 4, '0000-00-00', 604, 605, 611, 599, 659936),
(2798, 4, '0000-00-00', 605, 611, 617, 605, 991580),
(2799, 4, '0000-00-00', 611, 612, 618, 606, 334197),
(2800, 4, '0000-00-00', 612, 635, 642, 629, 172352),
(2801, 4, '0000-00-00', 635, 621, 627, 615, 195180),
(2802, 4, '0000-00-00', 621, 637, 643, 630, 622679),
(2803, 4, '0000-00-00', 637, 656, 663, 650, 245403),
(2804, 4, '0000-00-00', 656, 668, 675, 662, 624586),
(2805, 4, '0000-00-00', 668, 660, 666, 653, 838676),
(2806, 4, '0000-00-00', 660, 655, 662, 648, 692648),
(2807, 4, '0000-00-00', 655, 650, 656, 643, 533997),
(2808, 4, '0000-00-00', 650, 664, 671, 658, 746073),
(2809, 4, '0000-00-00', 664, 669, 676, 662, 616963),
(2810, 4, '0000-00-00', 669, 690, 697, 683, 930680),
(2811, 4, '0000-00-00', 690, 713, 720, 706, 617839),
(2812, 4, '0000-00-00', 713, 735, 742, 727, 572032),
(2813, 4, '0000-00-00', 735, 751, 758, 743, 629351),
(2814, 4, '0000-00-00', 751, 732, 740, 725, 229104),
(2815, 4, '0000-00-00', 732, 713, 720, 706, 345678),
(2816, 4, '0000-00-00', 713, 713, 720, 706, 111715),
(2817, 4, '0000-00-00', 713, 697, 704, 690, 583153),
(2818, 4, '0000-00-00', 697, 691, 698, 684, 887641),
(2819, 4, '0000-00-00', 691, 705, 712, 698, 919177),
(2820, 4, '0000-00-00', 705, 713, 720, 706, 420489),
(2821, 4, '0000-00-00', 713, 726, 733, 719, 910718),
(2822, 4, '0000-00-00', 726, 720, 727, 713, 509494),
(2823, 4, '0000-00-00', 720, 740, 747, 733, 792254),
(2824, 4, '0000-00-00', 740, 727, 734, 719, 719857),
(2825, 4, '0000-00-00', 727, 729, 736, 721, 865421),
(2826, 4, '0000-00-00', 729, 735, 742, 727, 943122),
(2827, 4, '0000-00-00', 735, 744, 752, 737, 303947),
(2828, 4, '0000-00-00', 744, 767, 774, 759, 794284),
(2829, 4, '0000-00-00', 767, 780, 788, 773, 981308),
(2830, 4, '0000-00-00', 780, 805, 813, 797, 103926),
(2831, 4, '0000-00-00', 805, 807, 815, 798, 166385),
(2832, 4, '0000-00-00', 807, 825, 834, 817, 173177),
(2833, 4, '0000-00-00', 825, 818, 826, 810, 300972),
(2834, 4, '0000-00-00', 818, 838, 846, 829, 613477),
(2835, 4, '0000-00-00', 838, 831, 839, 822, 545163),
(2836, 4, '0000-00-00', 831, 809, 817, 801, 654898),
(2837, 4, '0000-00-00', 809, 799, 807, 791, 687443),
(2838, 4, '0000-00-00', 799, 801, 809, 793, 759312),
(2839, 4, '0000-00-00', 801, 821, 829, 812, 506903),
(2840, 4, '0000-00-00', 821, 818, 827, 810, 465577),
(2841, 4, '0000-00-00', 818, 850, 859, 842, 491676),
(2842, 4, '0000-00-00', 850, 849, 857, 840, 123292),
(2843, 4, '0000-00-00', 849, 877, 885, 868, 184011),
(2844, 4, '0000-00-00', 877, 875, 884, 867, 624085),
(2845, 4, '0000-00-00', 875, 909, 918, 900, 957524),
(2846, 4, '0000-00-00', 909, 930, 939, 921, 668838),
(2847, 4, '0000-00-00', 930, 957, 966, 947, 236742),
(2848, 4, '0000-00-00', 957, 994, 1004, 984, 147157),
(2849, 4, '0000-00-00', 994, 1006, 1016, 996, 769141),
(2850, 4, '0000-00-00', 1006, 1015, 1025, 1005, 896915),
(2851, 4, '0000-00-00', 1015, 1004, 1014, 994, 907814),
(2852, 4, '0000-00-00', 1004, 982, 992, 972, 539087),
(2853, 4, '0000-00-00', 982, 1007, 1017, 997, 564271),
(2854, 4, '0000-00-00', 1007, 1037, 1047, 1027, 270511),
(2855, 4, '0000-00-00', 1037, 1053, 1064, 1042, 715469),
(2856, 4, '0000-00-00', 1053, 1082, 1093, 1072, 507244),
(2857, 4, '0000-00-00', 1082, 1118, 1129, 1107, 624711),
(2858, 4, '0000-00-00', 1118, 1120, 1131, 1109, 954690),
(2859, 4, '0000-00-00', 1120, 1120, 1131, 1109, 441546),
(2860, 4, '0000-00-00', 1120, 1142, 1153, 1130, 862087),
(2861, 4, '0000-00-00', 1142, 1182, 1194, 1170, 976480),
(2862, 4, '0000-00-00', 1182, 1216, 1228, 1204, 952287),
(2863, 4, '0000-00-00', 1216, 1208, 1220, 1196, 186578),
(2864, 4, '0000-00-00', 1208, 1223, 1235, 1211, 326212),
(2865, 4, '0000-00-00', 1223, 1241, 1254, 1229, 749144),
(2866, 4, '0000-00-00', 1241, 1231, 1243, 1219, 766829),
(2867, 4, '0000-00-00', 1231, 1253, 1265, 1240, 417953),
(2868, 4, '0000-00-00', 1253, 1251, 1263, 1238, 968476),
(2869, 4, '0000-00-00', 1251, 1260, 1273, 1247, 220100),
(2870, 4, '0000-00-00', 1260, 1266, 1279, 1253, 711779),
(2871, 4, '0000-00-00', 1266, 1286, 1299, 1273, 335643),
(2872, 4, '0000-00-00', 1286, 1287, 1300, 1274, 704862),
(2873, 4, '0000-00-00', 1287, 1326, 1339, 1312, 225964),
(2874, 4, '0000-00-00', 1326, 1332, 1345, 1318, 698411),
(2875, 4, '0000-00-00', 1332, 1340, 1353, 1326, 431849),
(2876, 4, '0000-00-00', 1340, 1311, 1324, 1298, 925356),
(2877, 4, '0000-00-00', 1311, 1348, 1361, 1334, 984558),
(2878, 4, '0000-00-00', 1348, 1361, 1375, 1348, 530276),
(2879, 4, '0000-00-00', 1361, 1340, 1353, 1326, 764672),
(2880, 4, '0000-00-00', 1340, 1354, 1367, 1340, 270171),
(2881, 4, '0000-00-00', 1354, 1319, 1332, 1306, 220894),
(2882, 4, '0000-00-00', 1319, 1361, 1375, 1347, 325425),
(2883, 4, '0000-00-00', 1361, 1414, 1429, 1400, 637570),
(2884, 4, '0000-00-00', 1414, 1400, 1414, 1386, 861641),
(2885, 4, '0000-00-00', 1400, 1389, 1403, 1375, 464710),
(2886, 4, '0000-00-00', 1389, 1365, 1379, 1351, 769068),
(2887, 4, '0000-00-00', 1365, 1398, 1412, 1384, 166648),
(2888, 4, '0000-00-00', 1398, 1397, 1411, 1383, 413216),
(2889, 4, '0000-00-00', 1397, 1401, 1415, 1387, 796091),
(2890, 4, '0000-00-00', 1401, 1421, 1435, 1407, 545785),
(2891, 4, '0000-00-00', 1421, 1397, 1411, 1383, 361395),
(2892, 4, '0000-00-00', 1397, 1376, 1390, 1362, 267092),
(2893, 4, '0000-00-00', 1376, 1406, 1420, 1392, 580463),
(2894, 4, '0000-00-00', 1406, 1459, 1473, 1444, 459968),
(2895, 4, '0000-00-00', 1459, 1517, 1532, 1502, 761836),
(2896, 4, '0000-00-00', 1517, 1480, 1494, 1465, 918550),
(2897, 4, '0000-00-00', 1480, 1440, 1455, 1426, 433653),
(2898, 4, '0000-00-00', 1440, 1486, 1501, 1471, 152296),
(2899, 4, '0000-00-00', 1486, 1544, 1559, 1528, 170783),
(2900, 4, '0000-00-00', 1544, 1603, 1620, 1587, 414304),
(2901, 4, '0000-00-00', 1603, 1599, 1615, 1583, 115341),
(2902, 4, '0000-00-00', 1599, 1601, 1617, 1585, 876416),
(2903, 4, '0000-00-00', 1601, 1652, 1668, 1635, 257035),
(2904, 4, '0000-00-00', 1652, 1714, 1731, 1697, 858882),
(2905, 4, '0000-00-00', 1714, 1742, 1759, 1724, 868077),
(2906, 4, '0000-00-00', 1742, 1742, 1759, 1724, 688067),
(2907, 4, '0000-00-00', 1742, 1804, 1822, 1786, 689357),
(2908, 4, '0000-00-00', 1804, 1866, 1884, 1847, 254512),
(2909, 4, '0000-00-00', 1866, 1893, 1912, 1874, 115559),
(2910, 4, '0000-00-00', 1893, 1865, 1884, 1847, 983021),
(2911, 4, '0000-00-00', 1865, 1884, 1903, 1865, 487921),
(2912, 4, '0000-00-00', 1884, 1854, 1872, 1835, 374172),
(2913, 4, '0000-00-00', 1854, 1856, 1875, 1838, 604973),
(2914, 4, '0000-00-00', 1856, 1865, 1884, 1846, 866132),
(2915, 4, '0000-00-00', 1865, 1829, 1847, 1811, 743821),
(2916, 4, '0000-00-00', 1829, 1876, 1895, 1858, 818040),
(2917, 4, '0000-00-00', 1876, 1870, 1889, 1852, 918805),
(2918, 4, '0000-00-00', 1870, 1931, 1951, 1912, 898905),
(2919, 4, '0000-00-00', 1931, 1988, 2008, 1968, 434073),
(2920, 4, '0000-00-00', 1988, 1944, 1964, 1925, 721625),
(2921, 4, '0000-00-00', 1944, 1952, 1972, 1932, 981026),
(2922, 4, '0000-00-00', 1952, 2011, 2031, 1990, 113409),
(2923, 4, '0000-00-00', 2011, 2005, 2025, 1985, 341364),
(2924, 4, '0000-00-00', 2005, 1989, 2009, 1969, 728731),
(2925, 5, '0000-00-00', 22, 22, 22, 21, 880459),
(2926, 5, '0000-00-00', 22, 22, 22, 22, 990622),
(2927, 5, '0000-00-00', 22, 22, 22, 22, 993007),
(2928, 5, '0000-00-00', 22, 22, 22, 22, 151127),
(2929, 5, '0000-00-00', 22, 23, 23, 23, 428366),
(2930, 5, '0000-00-00', 23, 22, 23, 22, 204147),
(2931, 5, '0000-00-00', 22, 23, 23, 22, 994334),
(2932, 5, '0000-00-00', 23, 23, 24, 23, 924161),
(2933, 5, '0000-00-00', 23, 24, 25, 24, 345698),
(2934, 5, '0000-00-00', 24, 25, 25, 25, 468208),
(2935, 5, '0000-00-00', 25, 26, 26, 25, 248938),
(2936, 5, '0000-00-00', 26, 25, 25, 25, 300594),
(2937, 5, '0000-00-00', 25, 26, 26, 26, 162887),
(2938, 5, '0000-00-00', 26, 25, 25, 25, 634596),
(2939, 5, '0000-00-00', 25, 25, 25, 24, 584637),
(2940, 5, '0000-00-00', 25, 25, 25, 25, 675556),
(2941, 5, '0000-00-00', 25, 26, 26, 25, 294407),
(2942, 5, '0000-00-00', 26, 26, 26, 25, 792870),
(2943, 5, '0000-00-00', 26, 27, 27, 26, 815118),
(2944, 5, '0000-00-00', 27, 27, 27, 26, 757036),
(2945, 5, '0000-00-00', 27, 27, 27, 27, 389423),
(2946, 5, '0000-00-00', 27, 27, 28, 27, 269404),
(2947, 5, '0000-00-00', 27, 27, 27, 27, 751430),
(2948, 5, '0000-00-00', 27, 27, 28, 27, 169644),
(2949, 5, '0000-00-00', 27, 27, 27, 27, 999870),
(2950, 5, '0000-00-00', 27, 27, 27, 27, 509590),
(2951, 5, '0000-00-00', 27, 27, 27, 27, 234766),
(2952, 5, '0000-00-00', 27, 26, 27, 26, 617887),
(2953, 5, '0000-00-00', 26, 27, 27, 27, 715972),
(2954, 5, '0000-00-00', 27, 27, 27, 27, 135604),
(2955, 5, '0000-00-00', 27, 27, 28, 27, 180575),
(2956, 5, '0000-00-00', 27, 27, 28, 27, 172040),
(2957, 5, '0000-00-00', 27, 28, 28, 28, 559555),
(2958, 5, '0000-00-00', 28, 28, 29, 28, 297949),
(2959, 5, '0000-00-00', 28, 28, 29, 28, 794270),
(2960, 5, '0000-00-00', 28, 28, 29, 28, 565928),
(2961, 5, '0000-00-00', 28, 30, 30, 29, 617965),
(2962, 5, '0000-00-00', 30, 31, 31, 30, 846824),
(2963, 5, '0000-00-00', 31, 31, 31, 31, 869019),
(2964, 5, '0000-00-00', 31, 32, 32, 32, 477612),
(2965, 5, '0000-00-00', 32, 33, 34, 33, 704350),
(2966, 5, '0000-00-00', 33, 34, 34, 34, 203496),
(2967, 5, '0000-00-00', 34, 34, 35, 34, 791372),
(2968, 5, '0000-00-00', 34, 34, 34, 33, 313523),
(2969, 5, '0000-00-00', 34, 34, 34, 33, 521713),
(2970, 5, '0000-00-00', 34, 35, 35, 34, 736939),
(2971, 5, '0000-00-00', 35, 35, 35, 34, 533162),
(2972, 5, '0000-00-00', 35, 34, 34, 34, 559099),
(2973, 5, '0000-00-00', 34, 34, 34, 34, 669907),
(2974, 5, '0000-00-00', 34, 35, 35, 34, 459910),
(2975, 5, '0000-00-00', 35, 35, 35, 34, 733626),
(2976, 5, '0000-00-00', 35, 36, 36, 35, 535132),
(2977, 5, '0000-00-00', 36, 37, 37, 37, 832947),
(2978, 5, '0000-00-00', 37, 38, 39, 38, 134918),
(2979, 5, '0000-00-00', 38, 40, 40, 39, 939321),
(2980, 5, '0000-00-00', 40, 41, 41, 40, 241439),
(2981, 5, '0000-00-00', 41, 40, 40, 40, 446932),
(2982, 5, '0000-00-00', 40, 39, 39, 39, 932414),
(2983, 5, '0000-00-00', 39, 39, 39, 38, 133347),
(2984, 5, '0000-00-00', 39, 39, 40, 39, 162787),
(2985, 5, '0000-00-00', 39, 41, 41, 40, 407853),
(2986, 5, '0000-00-00', 41, 42, 42, 41, 903254),
(2987, 5, '0000-00-00', 42, 41, 41, 40, 798622),
(2988, 5, '0000-00-00', 41, 41, 41, 41, 193160),
(2989, 5, '0000-00-00', 41, 42, 43, 42, 152014),
(2990, 5, '0000-00-00', 42, 43, 43, 42, 814329),
(2991, 5, '0000-00-00', 43, 44, 45, 44, 775009),
(2992, 5, '0000-00-00', 44, 44, 45, 44, 434872),
(2993, 5, '0000-00-00', 44, 46, 46, 45, 220813),
(2994, 5, '0000-00-00', 46, 45, 45, 44, 297987),
(2995, 5, '0000-00-00', 45, 45, 46, 45, 678490),
(2996, 5, '0000-00-00', 45, 46, 47, 46, 355149),
(2997, 5, '0000-00-00', 46, 46, 47, 46, 366009),
(2998, 5, '0000-00-00', 46, 46, 46, 46, 984699),
(2999, 5, '0000-00-00', 46, 47, 47, 46, 924856),
(3000, 5, '0000-00-00', 47, 47, 47, 46, 143078),
(3001, 5, '0000-00-00', 47, 46, 47, 46, 462993),
(3002, 5, '0000-00-00', 46, 47, 47, 46, 345491),
(3003, 5, '0000-00-00', 47, 46, 47, 46, 493523),
(3004, 5, '0000-00-00', 46, 46, 46, 46, 867012),
(3005, 5, '0000-00-00', 46, 47, 47, 46, 340497),
(3006, 5, '0000-00-00', 47, 48, 49, 48, 699745),
(3007, 5, '0000-00-00', 48, 49, 50, 49, 571519),
(3008, 5, '0000-00-00', 49, 48, 49, 48, 960571),
(3009, 5, '0000-00-00', 48, 47, 48, 47, 748290),
(3010, 5, '0000-00-00', 47, 48, 49, 48, 683604),
(3011, 5, '0000-00-00', 48, 50, 50, 49, 902303),
(3012, 5, '0000-00-00', 50, 51, 51, 50, 127914),
(3013, 5, '0000-00-00', 51, 50, 50, 49, 414971),
(3014, 5, '0000-00-00', 50, 52, 52, 51, 895805),
(3015, 5, '0000-00-00', 52, 54, 54, 53, 499767),
(3016, 5, '0000-00-00', 54, 56, 56, 55, 634836),
(3017, 5, '0000-00-00', 56, 56, 57, 56, 961145),
(3018, 5, '0000-00-00', 56, 56, 57, 55, 546620),
(3019, 5, '0000-00-00', 56, 56, 56, 55, 149889),
(3020, 5, '0000-00-00', 56, 56, 57, 56, 149928),
(3021, 5, '0000-00-00', 56, 55, 55, 54, 243106),
(3022, 5, '0000-00-00', 55, 56, 56, 55, 223759),
(3023, 5, '0000-00-00', 56, 58, 58, 57, 978972),
(3024, 5, '0000-00-00', 58, 57, 58, 57, 343533),
(3025, 5, '0000-00-00', 57, 57, 57, 56, 427136),
(3026, 5, '0000-00-00', 57, 56, 56, 55, 930937),
(3027, 5, '0000-00-00', 56, 57, 58, 57, 814993),
(3028, 5, '0000-00-00', 57, 60, 60, 59, 319764);
INSERT INTO `pricehistory` (`ID`, `CryptoID`, `Date`, `Open`, `Close`, `High`, `Low`, `Volume`) VALUES
(3029, 5, '0000-00-00', 60, 62, 63, 62, 263797),
(3030, 5, '0000-00-00', 62, 63, 63, 62, 509370),
(3031, 5, '0000-00-00', 63, 62, 63, 61, 377485),
(3032, 5, '0000-00-00', 62, 61, 62, 61, 910615),
(3033, 5, '0000-00-00', 61, 63, 63, 62, 566289),
(3034, 5, '0000-00-00', 63, 65, 65, 64, 791216),
(3035, 5, '0000-00-00', 65, 66, 66, 65, 354562),
(3036, 5, '0000-00-00', 66, 66, 67, 65, 586211),
(3037, 5, '0000-00-00', 66, 69, 69, 68, 607069),
(3038, 5, '0000-00-00', 69, 67, 68, 66, 305981),
(3039, 5, '0000-00-00', 67, 70, 70, 69, 394552),
(3040, 5, '0000-00-00', 70, 68, 69, 68, 638636),
(3041, 5, '0000-00-00', 68, 67, 68, 67, 482586),
(3042, 5, '0000-00-00', 67, 70, 70, 69, 128913),
(3043, 5, '0000-00-00', 70, 71, 72, 70, 121505),
(3044, 5, '0000-00-00', 71, 70, 71, 69, 248066),
(3045, 5, '0000-00-00', 70, 73, 74, 72, 294063),
(3046, 5, '0000-00-00', 73, 74, 75, 73, 459789),
(3047, 5, '0000-00-00', 74, 77, 78, 76, 686403),
(3048, 5, '0000-00-00', 77, 80, 81, 79, 790736),
(3049, 5, '0000-00-00', 80, 78, 79, 78, 901091),
(3050, 5, '0000-00-00', 78, 81, 82, 80, 785851),
(3051, 5, '0000-00-00', 81, 84, 84, 83, 529537),
(3052, 5, '0000-00-00', 84, 86, 87, 85, 714418),
(3053, 5, '0000-00-00', 86, 85, 86, 84, 368909),
(3054, 5, '0000-00-00', 85, 87, 87, 86, 326328),
(3055, 5, '0000-00-00', 87, 86, 87, 85, 513629),
(3056, 5, '0000-00-00', 86, 88, 89, 87, 195861),
(3057, 5, '0000-00-00', 88, 90, 91, 89, 366411),
(3058, 5, '0000-00-00', 90, 89, 90, 88, 502415),
(3059, 5, '0000-00-00', 89, 93, 94, 92, 575420),
(3060, 5, '0000-00-00', 93, 93, 94, 92, 560837),
(3061, 5, '0000-00-00', 93, 92, 93, 91, 161969),
(3062, 5, '0000-00-00', 92, 90, 91, 89, 527714),
(3063, 5, '0000-00-00', 90, 89, 90, 88, 121129),
(3064, 5, '0000-00-00', 89, 90, 91, 89, 229803),
(3065, 5, '0000-00-00', 90, 92, 93, 91, 599312),
(3066, 5, '0000-00-00', 92, 92, 93, 91, 436770),
(3067, 5, '0000-00-00', 92, 92, 93, 91, 335959),
(3068, 5, '0000-00-00', 92, 93, 94, 92, 478158),
(3069, 5, '0000-00-00', 93, 92, 93, 91, 943163),
(3070, 5, '0000-00-00', 92, 91, 92, 91, 265111),
(3071, 5, '0000-00-00', 91, 92, 93, 91, 127703),
(3072, 5, '0000-00-00', 92, 90, 91, 89, 406222),
(3073, 5, '0000-00-00', 90, 89, 90, 88, 534059),
(3074, 5, '0000-00-00', 89, 91, 92, 90, 548163),
(3075, 5, '0000-00-00', 91, 95, 96, 94, 130020),
(3076, 5, '0000-00-00', 95, 93, 94, 92, 839096),
(3077, 5, '0000-00-00', 93, 95, 96, 94, 373801),
(3078, 5, '0000-00-00', 95, 95, 96, 94, 915442),
(3079, 5, '0000-00-00', 95, 97, 98, 96, 535199),
(3080, 5, '0000-00-00', 97, 97, 98, 96, 188907),
(3081, 5, '0000-00-00', 97, 96, 97, 95, 778236),
(3082, 5, '0000-00-00', 96, 99, 100, 98, 983193),
(3083, 5, '0000-00-00', 99, 101, 102, 100, 152686),
(3084, 5, '0000-00-00', 101, 102, 103, 101, 494819),
(3085, 5, '0000-00-00', 102, 101, 102, 100, 925750),
(3086, 5, '0000-00-00', 101, 103, 104, 102, 583524),
(3087, 5, '0000-00-00', 103, 104, 105, 103, 212116),
(3088, 5, '0000-00-00', 104, 104, 105, 103, 744312),
(3089, 5, '0000-00-00', 104, 102, 103, 101, 138413),
(3090, 5, '0000-00-00', 102, 102, 103, 101, 457096),
(3091, 5, '0000-00-00', 102, 104, 105, 103, 325657),
(3092, 5, '0000-00-00', 104, 102, 103, 101, 567285),
(3093, 5, '0000-00-00', 102, 105, 106, 104, 557988),
(3094, 5, '0000-00-00', 105, 104, 105, 103, 678763),
(3095, 5, '0000-00-00', 104, 104, 105, 103, 464750),
(3096, 5, '0000-00-00', 104, 105, 106, 104, 745563),
(3097, 5, '0000-00-00', 105, 109, 110, 108, 335967),
(3098, 5, '0000-00-00', 109, 113, 114, 111, 242366),
(3099, 5, '0000-00-00', 113, 112, 113, 111, 827209),
(3100, 5, '0000-00-00', 112, 114, 115, 113, 132722),
(3101, 5, '0000-00-00', 114, 113, 114, 112, 388753),
(3102, 5, '0000-00-00', 113, 113, 114, 111, 881916),
(3103, 5, '0000-00-00', 113, 111, 112, 110, 769299),
(3104, 5, '0000-00-00', 111, 109, 110, 108, 124945),
(3105, 5, '0000-00-00', 109, 107, 108, 105, 949000),
(3106, 5, '0000-00-00', 107, 108, 109, 107, 843733),
(3107, 5, '0000-00-00', 108, 108, 110, 107, 818063),
(3108, 5, '0000-00-00', 108, 112, 113, 111, 196995),
(3109, 5, '0000-00-00', 112, 112, 113, 111, 946004),
(3110, 5, '0000-00-00', 112, 116, 117, 115, 416062),
(3111, 5, '0000-00-00', 116, 115, 116, 114, 554517),
(3112, 5, '0000-00-00', 115, 117, 118, 116, 638843),
(3113, 5, '0000-00-00', 117, 116, 117, 115, 633959),
(3114, 5, '0000-00-00', 116, 118, 119, 117, 743581),
(3115, 5, '0000-00-00', 118, 122, 123, 120, 999535),
(3116, 5, '0000-00-00', 122, 125, 127, 124, 561640),
(3117, 5, '0000-00-00', 125, 130, 132, 129, 518871),
(3118, 5, '0000-00-00', 130, 130, 132, 129, 132105),
(3119, 5, '0000-00-00', 130, 134, 136, 133, 921259),
(3120, 5, '0000-00-00', 134, 133, 134, 132, 730438),
(3121, 5, '0000-00-00', 133, 136, 137, 134, 163032),
(3122, 5, '0000-00-00', 136, 141, 142, 139, 396772),
(3123, 5, '0000-00-00', 141, 142, 143, 140, 407502),
(3124, 5, '0000-00-00', 142, 138, 140, 137, 921342),
(3125, 5, '0000-00-00', 138, 140, 141, 139, 279571),
(3126, 5, '0000-00-00', 140, 142, 143, 140, 150299),
(3127, 5, '0000-00-00', 142, 144, 145, 142, 402881),
(3128, 5, '0000-00-00', 144, 148, 150, 147, 775802),
(3129, 5, '0000-00-00', 148, 145, 146, 143, 812204),
(3130, 5, '0000-00-00', 145, 146, 147, 145, 466884),
(3131, 5, '0000-00-00', 146, 150, 152, 149, 847529),
(3132, 5, '0000-00-00', 150, 150, 151, 148, 873519),
(3133, 5, '0000-00-00', 150, 153, 155, 152, 617461),
(3134, 5, '0000-00-00', 153, 153, 155, 152, 258455),
(3135, 5, '0000-00-00', 153, 155, 157, 154, 944768),
(3136, 5, '0000-00-00', 155, 158, 159, 156, 888619),
(3137, 5, '0000-00-00', 158, 159, 161, 157, 198577),
(3138, 5, '0000-00-00', 159, 162, 164, 161, 661036),
(3139, 5, '0000-00-00', 162, 164, 166, 163, 168195),
(3140, 5, '0000-00-00', 164, 163, 165, 162, 167546),
(3141, 5, '0000-00-00', 163, 169, 171, 167, 645579),
(3142, 5, '0000-00-00', 169, 172, 174, 170, 821136),
(3143, 5, '0000-00-00', 172, 176, 178, 175, 600714),
(3144, 5, '0000-00-00', 176, 177, 179, 175, 789743),
(3145, 5, '0000-00-00', 177, 176, 178, 174, 594391),
(3146, 5, '0000-00-00', 176, 180, 182, 178, 613173),
(3147, 5, '0000-00-00', 180, 181, 183, 179, 547723),
(3148, 5, '0000-00-00', 181, 188, 189, 186, 700732),
(3149, 5, '0000-00-00', 188, 184, 186, 182, 495104),
(3150, 5, '0000-00-00', 184, 182, 184, 180, 283966),
(3151, 5, '0000-00-00', 182, 184, 186, 183, 948055),
(3152, 5, '0000-00-00', 184, 184, 185, 182, 258023),
(3153, 5, '0000-00-00', 184, 191, 193, 189, 600223),
(3154, 5, '0000-00-00', 191, 196, 198, 194, 855075),
(3155, 5, '0000-00-00', 196, 199, 201, 198, 802250),
(3156, 5, '0000-00-00', 199, 204, 206, 202, 904546),
(3157, 5, '0000-00-00', 204, 202, 204, 200, 783639),
(3158, 5, '0000-00-00', 202, 203, 206, 201, 229581),
(3159, 5, '0000-00-00', 203, 205, 207, 203, 429520),
(3160, 5, '0000-00-00', 205, 200, 202, 198, 178244),
(3161, 5, '0000-00-00', 200, 204, 206, 202, 197455),
(3162, 5, '0000-00-00', 204, 205, 207, 203, 481921),
(3163, 5, '0000-00-00', 205, 204, 206, 202, 209502),
(3164, 5, '0000-00-00', 204, 211, 213, 209, 857129),
(3165, 5, '0000-00-00', 211, 213, 215, 211, 367435),
(3166, 5, '0000-00-00', 213, 217, 220, 215, 770555),
(3167, 5, '0000-00-00', 217, 221, 223, 219, 225923),
(3168, 5, '0000-00-00', 221, 219, 221, 217, 318256),
(3169, 5, '0000-00-00', 219, 226, 228, 223, 449127),
(3170, 5, '0000-00-00', 226, 231, 233, 229, 891403),
(3171, 5, '0000-00-00', 231, 236, 238, 233, 264347),
(3172, 5, '0000-00-00', 236, 245, 247, 242, 460219),
(3173, 5, '0000-00-00', 245, 238, 241, 236, 896778),
(3174, 5, '0000-00-00', 238, 247, 249, 245, 958597),
(3175, 5, '0000-00-00', 247, 255, 258, 253, 997114),
(3176, 5, '0000-00-00', 255, 257, 260, 255, 946943),
(3177, 5, '0000-00-00', 257, 255, 257, 252, 176128),
(3178, 5, '0000-00-00', 255, 257, 260, 255, 907403),
(3179, 5, '0000-00-00', 257, 255, 257, 252, 618629),
(3180, 5, '0000-00-00', 255, 263, 265, 260, 114793),
(3181, 5, '0000-00-00', 263, 270, 273, 267, 262001),
(3182, 5, '0000-00-00', 270, 269, 271, 266, 503031),
(3183, 5, '0000-00-00', 269, 266, 269, 263, 342003),
(3184, 5, '0000-00-00', 266, 267, 270, 264, 394110),
(3185, 5, '0000-00-00', 267, 277, 280, 274, 576719),
(3186, 5, '0000-00-00', 277, 281, 284, 279, 776551),
(3187, 5, '0000-00-00', 281, 290, 293, 287, 704438),
(3188, 5, '0000-00-00', 290, 300, 303, 297, 277981),
(3189, 5, '0000-00-00', 300, 301, 304, 298, 885282),
(3190, 5, '0000-00-00', 301, 300, 303, 297, 137933),
(3191, 5, '0000-00-00', 300, 311, 314, 308, 220359),
(3192, 5, '0000-00-00', 311, 312, 315, 309, 880154),
(3193, 5, '0000-00-00', 312, 307, 310, 304, 597198),
(3194, 5, '0000-00-00', 307, 305, 308, 302, 353532),
(3195, 5, '0000-00-00', 305, 312, 315, 309, 402781),
(3196, 5, '0000-00-00', 312, 305, 308, 302, 589156),
(3197, 5, '0000-00-00', 305, 298, 300, 295, 884828),
(3198, 5, '0000-00-00', 298, 309, 312, 306, 740087),
(3199, 5, '0000-00-00', 309, 316, 319, 313, 976573),
(3200, 5, '0000-00-00', 316, 316, 319, 313, 478773),
(3201, 5, '0000-00-00', 316, 318, 321, 315, 354846),
(3202, 5, '0000-00-00', 318, 315, 318, 312, 854290),
(3203, 5, '0000-00-00', 315, 326, 330, 323, 129256),
(3204, 5, '0000-00-00', 326, 322, 325, 319, 653500),
(3205, 5, '0000-00-00', 322, 321, 324, 318, 979282),
(3206, 5, '0000-00-00', 321, 316, 319, 313, 809674),
(3207, 5, '0000-00-00', 316, 321, 325, 318, 821834),
(3208, 5, '0000-00-00', 321, 333, 337, 330, 532435),
(3209, 5, '0000-00-00', 333, 340, 343, 337, 837784),
(3210, 5, '0000-00-00', 340, 331, 335, 328, 776534),
(3211, 5, '0000-00-00', 331, 340, 343, 336, 797533),
(3212, 5, '0000-00-00', 340, 339, 343, 336, 616305),
(3213, 5, '0000-00-00', 339, 334, 337, 331, 574176),
(3214, 5, '0000-00-00', 334, 341, 345, 338, 681560),
(3215, 5, '0000-00-00', 341, 347, 351, 344, 601020),
(3216, 5, '0000-00-00', 347, 349, 352, 345, 973975),
(3217, 5, '0000-00-00', 349, 351, 354, 347, 445753),
(3218, 5, '0000-00-00', 351, 347, 351, 344, 792003),
(3219, 5, '0000-00-00', 347, 343, 347, 340, 746948),
(3220, 5, '0000-00-00', 343, 355, 359, 351, 156662),
(3221, 5, '0000-00-00', 355, 359, 362, 355, 924804),
(3222, 5, '0000-00-00', 359, 362, 366, 359, 307653),
(3223, 5, '0000-00-00', 362, 367, 371, 364, 482736),
(3224, 5, '0000-00-00', 367, 381, 385, 377, 372087),
(3225, 5, '0000-00-00', 381, 396, 400, 392, 124988),
(3226, 5, '0000-00-00', 396, 398, 402, 394, 561012),
(3227, 5, '0000-00-00', 398, 407, 411, 403, 625457),
(3228, 5, '0000-00-00', 407, 404, 408, 400, 742435),
(3229, 5, '0000-00-00', 404, 393, 397, 390, 419490),
(3230, 5, '0000-00-00', 393, 390, 394, 386, 319911),
(3231, 5, '0000-00-00', 390, 399, 403, 395, 654071),
(3232, 5, '0000-00-00', 399, 399, 403, 395, 877992),
(3233, 5, '0000-00-00', 399, 413, 417, 409, 287266),
(3234, 5, '0000-00-00', 413, 408, 412, 404, 627653),
(3235, 5, '0000-00-00', 408, 402, 406, 398, 606855),
(3236, 5, '0000-00-00', 402, 406, 410, 402, 258148),
(3237, 5, '0000-00-00', 406, 417, 421, 413, 143218),
(3238, 5, '0000-00-00', 417, 412, 417, 408, 915756),
(3239, 5, '0000-00-00', 412, 408, 412, 403, 293167),
(3240, 5, '0000-00-00', 408, 405, 409, 400, 973010),
(3241, 5, '0000-00-00', 405, 413, 417, 409, 286962),
(3242, 5, '0000-00-00', 413, 422, 426, 418, 260817),
(3243, 5, '0000-00-00', 422, 439, 443, 434, 614419),
(3244, 5, '0000-00-00', 439, 436, 440, 432, 152979),
(3245, 5, '0000-00-00', 436, 437, 441, 432, 522173),
(3246, 5, '0000-00-00', 437, 450, 455, 446, 686730),
(3247, 5, '0000-00-00', 450, 467, 471, 462, 984453),
(3248, 5, '0000-00-00', 467, 456, 460, 451, 664994),
(3249, 5, '0000-00-00', 456, 461, 466, 456, 639128),
(3250, 5, '0000-00-00', 461, 457, 461, 452, 952694),
(3251, 5, '0000-00-00', 457, 459, 463, 454, 370052),
(3252, 5, '0000-00-00', 459, 469, 473, 464, 129408),
(3253, 5, '0000-00-00', 469, 484, 489, 479, 754367),
(3254, 5, '0000-00-00', 484, 488, 493, 483, 133937),
(3255, 5, '0000-00-00', 488, 493, 498, 488, 216381),
(3256, 5, '0000-00-00', 493, 503, 509, 498, 266718),
(3257, 5, '0000-00-00', 503, 496, 501, 491, 312690),
(3258, 5, '0000-00-00', 496, 486, 491, 481, 990085),
(3259, 5, '0000-00-00', 486, 475, 480, 470, 963485),
(3260, 5, '0000-00-00', 475, 471, 476, 466, 218084),
(3261, 5, '0000-00-00', 471, 478, 483, 473, 883845),
(3262, 5, '0000-00-00', 478, 493, 498, 488, 969320),
(3263, 5, '0000-00-00', 493, 501, 506, 496, 496489),
(3264, 5, '0000-00-00', 501, 496, 501, 491, 275377),
(3265, 5, '0000-00-00', 496, 509, 514, 504, 272287),
(3266, 5, '0000-00-00', 509, 520, 525, 514, 564504),
(3267, 5, '0000-00-00', 520, 525, 530, 520, 871618),
(3268, 5, '0000-00-00', 525, 528, 533, 523, 107247),
(3269, 5, '0000-00-00', 528, 515, 520, 509, 284552),
(3270, 5, '0000-00-00', 515, 512, 517, 507, 522082),
(3271, 5, '0000-00-00', 512, 511, 516, 506, 661411),
(3272, 5, '0000-00-00', 511, 525, 530, 520, 553984),
(3273, 5, '0000-00-00', 525, 540, 545, 534, 879236),
(3274, 5, '0000-00-00', 540, 550, 555, 544, 121965),
(3275, 5, '0000-00-00', 550, 567, 573, 561, 848744),
(3276, 5, '0000-00-00', 567, 567, 573, 562, 132424),
(3277, 5, '0000-00-00', 567, 566, 571, 560, 619900),
(3278, 5, '0000-00-00', 566, 562, 567, 556, 760338),
(3279, 5, '0000-00-00', 562, 569, 575, 563, 278418),
(3280, 5, '0000-00-00', 569, 565, 571, 559, 703935),
(3281, 5, '0000-00-00', 565, 560, 566, 555, 709739),
(3282, 5, '0000-00-00', 560, 556, 562, 551, 486304),
(3283, 5, '0000-00-00', 556, 578, 583, 572, 425803),
(3284, 5, '0000-00-00', 578, 600, 606, 594, 435591),
(3285, 5, '0000-00-00', 600, 607, 613, 601, 911012),
(3286, 5, '0000-00-00', 607, 631, 637, 624, 844002),
(3287, 5, '0000-00-00', 631, 626, 632, 620, 521056),
(3288, 5, '0000-00-00', 626, 642, 648, 635, 923931),
(3289, 5, '0000-00-00', 642, 651, 657, 644, 947498),
(3290, 5, '0000-00-00', 651, 636, 642, 630, 207176),
(3291, 5, '0000-00-00', 636, 661, 667, 654, 869802),
(3292, 5, '0000-00-00', 661, 677, 684, 671, 877803),
(3293, 5, '0000-00-00', 677, 676, 682, 669, 586140),
(3294, 5, '0000-00-00', 676, 677, 683, 670, 738323),
(3295, 5, '0000-00-00', 677, 676, 682, 669, 916297),
(3296, 5, '0000-00-00', 676, 668, 674, 661, 652270),
(3297, 5, '0000-00-00', 668, 670, 677, 663, 408463),
(3298, 5, '0000-00-00', 670, 671, 677, 664, 125737),
(3299, 5, '0000-00-00', 671, 691, 698, 684, 706170),
(3300, 5, '0000-00-00', 691, 701, 708, 694, 782867),
(3301, 5, '0000-00-00', 701, 706, 713, 699, 480792),
(3302, 5, '0000-00-00', 706, 715, 722, 708, 576459),
(3303, 5, '0000-00-00', 715, 733, 740, 725, 932773),
(3304, 5, '0000-00-00', 733, 742, 749, 734, 166725),
(3305, 5, '0000-00-00', 742, 749, 757, 742, 440960),
(3306, 5, '0000-00-00', 749, 734, 741, 726, 221928),
(3307, 5, '0000-00-00', 734, 748, 756, 741, 629937),
(3308, 5, '0000-00-00', 748, 729, 736, 722, 961224),
(3309, 5, '0000-00-00', 729, 756, 764, 749, 841283),
(3310, 5, '0000-00-00', 756, 749, 756, 741, 374437),
(3311, 5, '0000-00-00', 749, 747, 754, 739, 170321),
(3312, 5, '0000-00-00', 747, 739, 746, 731, 165246),
(3313, 5, '0000-00-00', 739, 761, 769, 754, 891230),
(3314, 5, '0000-00-00', 761, 769, 777, 761, 249542),
(3315, 5, '0000-00-00', 769, 758, 766, 751, 823410),
(3316, 5, '0000-00-00', 758, 768, 776, 761, 924978),
(3317, 5, '0000-00-00', 768, 770, 778, 763, 225059),
(3318, 5, '0000-00-00', 770, 765, 773, 758, 844076),
(3319, 5, '0000-00-00', 765, 781, 789, 773, 694608),
(3320, 5, '0000-00-00', 781, 803, 811, 795, 444113),
(3321, 5, '0000-00-00', 803, 794, 802, 786, 662942),
(3322, 5, '0000-00-00', 794, 813, 821, 805, 607311),
(3323, 5, '0000-00-00', 813, 814, 823, 806, 503513),
(3324, 5, '0000-00-00', 814, 810, 818, 801, 340169),
(3325, 5, '0000-00-00', 810, 811, 819, 803, 466964),
(3326, 5, '0000-00-00', 811, 831, 839, 822, 327585),
(3327, 5, '0000-00-00', 831, 811, 819, 803, 333905),
(3328, 5, '0000-00-00', 811, 838, 846, 829, 119681),
(3329, 5, '0000-00-00', 838, 858, 866, 849, 256695),
(3330, 5, '0000-00-00', 858, 840, 849, 832, 827242),
(3331, 5, '0000-00-00', 840, 847, 855, 838, 290848),
(3332, 5, '0000-00-00', 847, 830, 838, 822, 375086),
(3333, 5, '0000-00-00', 830, 812, 820, 804, 711054),
(3334, 5, '0000-00-00', 812, 806, 814, 798, 479160),
(3335, 5, '0000-00-00', 806, 798, 806, 790, 342982),
(3336, 5, '0000-00-00', 798, 814, 822, 806, 930257),
(3337, 5, '0000-00-00', 814, 809, 817, 801, 883422),
(3338, 5, '0000-00-00', 809, 818, 826, 810, 438027),
(3339, 5, '0000-00-00', 818, 801, 809, 793, 335152),
(3340, 5, '0000-00-00', 801, 791, 799, 783, 884253),
(3341, 5, '0000-00-00', 791, 771, 779, 764, 563992),
(3342, 5, '0000-00-00', 771, 793, 801, 785, 615009),
(3343, 5, '0000-00-00', 793, 779, 787, 771, 876165),
(3344, 5, '0000-00-00', 779, 785, 793, 777, 207136),
(3345, 5, '0000-00-00', 785, 791, 799, 783, 981975),
(3346, 5, '0000-00-00', 791, 790, 798, 782, 614580),
(3347, 5, '0000-00-00', 790, 800, 808, 792, 790753),
(3348, 5, '0000-00-00', 800, 794, 802, 786, 139608),
(3349, 5, '0000-00-00', 794, 812, 820, 804, 954486),
(3350, 5, '0000-00-00', 812, 793, 801, 785, 848999),
(3351, 5, '0000-00-00', 793, 815, 823, 807, 946699),
(3352, 5, '0000-00-00', 815, 801, 809, 793, 612809),
(3353, 5, '0000-00-00', 801, 828, 836, 820, 793406),
(3354, 5, '0000-00-00', 828, 821, 829, 813, 882759),
(3355, 5, '0000-00-00', 821, 807, 815, 799, 629988),
(3356, 5, '0000-00-00', 807, 810, 819, 802, 499871),
(3357, 5, '0000-00-00', 810, 790, 798, 782, 582560),
(3358, 5, '0000-00-00', 790, 808, 816, 800, 476404),
(3359, 5, '0000-00-00', 808, 798, 806, 790, 581271),
(3360, 5, '0000-00-00', 798, 796, 804, 788, 630434),
(3361, 5, '0000-00-00', 796, 786, 794, 778, 212347),
(3362, 5, '0000-00-00', 786, 794, 802, 786, 442803),
(3363, 5, '0000-00-00', 794, 796, 804, 788, 554133),
(3364, 5, '0000-00-00', 796, 795, 803, 787, 294306),
(3365, 5, '0000-00-00', 795, 818, 826, 809, 608752),
(3366, 5, '0000-00-00', 818, 806, 814, 798, 736829),
(3367, 5, '0000-00-00', 806, 832, 841, 824, 847027),
(3368, 5, '0000-00-00', 832, 857, 866, 849, 701524),
(3369, 5, '0000-00-00', 857, 867, 875, 858, 637032),
(3370, 5, '0000-00-00', 867, 871, 879, 862, 538027),
(3371, 5, '0000-00-00', 871, 886, 895, 877, 717161),
(3372, 5, '0000-00-00', 886, 888, 897, 879, 587810),
(3373, 5, '0000-00-00', 888, 866, 874, 857, 956151),
(3374, 5, '0000-00-00', 866, 882, 891, 873, 400789),
(3375, 5, '0000-00-00', 882, 873, 882, 864, 407023),
(3376, 5, '0000-00-00', 873, 873, 882, 864, 433492),
(3377, 5, '0000-00-00', 873, 861, 869, 852, 123509),
(3378, 5, '0000-00-00', 861, 850, 858, 841, 323943),
(3379, 5, '0000-00-00', 850, 856, 865, 847, 606846),
(3380, 5, '0000-00-00', 856, 877, 886, 868, 461094),
(3381, 5, '0000-00-00', 877, 854, 862, 845, 564761),
(3382, 5, '0000-00-00', 854, 834, 843, 826, 271350),
(3383, 5, '0000-00-00', 834, 845, 853, 836, 393821),
(3384, 5, '0000-00-00', 845, 844, 853, 836, 513485),
(3385, 5, '0000-00-00', 844, 856, 864, 847, 794821),
(3386, 5, '0000-00-00', 856, 884, 892, 875, 247795),
(3387, 5, '0000-00-00', 884, 878, 887, 869, 907098),
(3388, 5, '0000-00-00', 878, 912, 921, 903, 501595),
(3389, 5, '0000-00-00', 912, 901, 910, 892, 530915),
(3390, 5, '0000-00-00', 901, 925, 935, 916, 616082),
(3391, 5, '0000-00-00', 925, 929, 938, 920, 314841),
(3392, 5, '0000-00-00', 929, 913, 922, 904, 207952),
(3393, 5, '0000-00-00', 913, 906, 915, 897, 108104),
(3394, 5, '0000-00-00', 906, 921, 931, 912, 891122),
(3395, 5, '0000-00-00', 921, 927, 937, 918, 521940),
(3396, 5, '0000-00-00', 927, 934, 944, 925, 782919),
(3397, 5, '0000-00-00', 934, 914, 923, 905, 397726),
(3398, 5, '0000-00-00', 914, 922, 931, 912, 384947),
(3399, 5, '0000-00-00', 922, 927, 936, 917, 887702),
(3400, 5, '0000-00-00', 927, 912, 921, 903, 514378),
(3401, 5, '0000-00-00', 912, 943, 953, 934, 132681),
(3402, 5, '0000-00-00', 943, 928, 937, 918, 564357),
(3403, 5, '0000-00-00', 928, 960, 970, 951, 300947),
(3404, 5, '0000-00-00', 960, 990, 1000, 980, 624722),
(3405, 5, '0000-00-00', 990, 1014, 1024, 1004, 145031),
(3406, 5, '0000-00-00', 1014, 1032, 1042, 1022, 542526),
(3407, 5, '0000-00-00', 1032, 1072, 1083, 1062, 989585),
(3408, 5, '0000-00-00', 1072, 1056, 1067, 1045, 249412),
(3409, 5, '0000-00-00', 1056, 1098, 1109, 1087, 596405),
(3410, 5, '0000-00-00', 1098, 1084, 1095, 1074, 802030),
(3411, 5, '0000-00-00', 1084, 1089, 1100, 1079, 459935),
(3412, 5, '0000-00-00', 1089, 1099, 1110, 1088, 488367),
(3413, 5, '0000-00-00', 1099, 1099, 1110, 1088, 733808),
(3414, 5, '0000-00-00', 1099, 1091, 1102, 1080, 503359),
(3415, 5, '0000-00-00', 1091, 1124, 1135, 1112, 393090),
(3416, 5, '0000-00-00', 1124, 1157, 1169, 1146, 199758),
(3417, 5, '0000-00-00', 1157, 1166, 1177, 1154, 132890),
(3418, 5, '0000-00-00', 1166, 1181, 1193, 1169, 369175),
(3419, 5, '0000-00-00', 1181, 1223, 1235, 1211, 965544),
(3420, 5, '0000-00-00', 1223, 1263, 1276, 1250, 559115),
(3421, 5, '0000-00-00', 1263, 1303, 1316, 1290, 940441),
(3422, 5, '0000-00-00', 1303, 1276, 1288, 1263, 185640),
(3423, 5, '0000-00-00', 1276, 1255, 1268, 1243, 564107),
(3424, 5, '0000-00-00', 1255, 1286, 1299, 1273, 234965),
(3425, 5, '0000-00-00', 1286, 1253, 1265, 1240, 733254),
(3426, 5, '0000-00-00', 1253, 1278, 1291, 1265, 475937),
(3427, 5, '0000-00-00', 1278, 1279, 1292, 1267, 270456),
(3428, 5, '0000-00-00', 1279, 1258, 1271, 1246, 392233),
(3429, 5, '0000-00-00', 1258, 1240, 1252, 1227, 796130),
(3430, 5, '0000-00-00', 1240, 1267, 1280, 1254, 575444),
(3431, 5, '0000-00-00', 1267, 1286, 1299, 1274, 437460),
(3432, 5, '0000-00-00', 1286, 1319, 1332, 1306, 368691),
(3433, 5, '0000-00-00', 1319, 1320, 1333, 1307, 205261),
(3434, 5, '0000-00-00', 1320, 1362, 1376, 1348, 685948),
(3435, 5, '0000-00-00', 1362, 1334, 1347, 1321, 987405),
(3436, 5, '0000-00-00', 1334, 1337, 1350, 1323, 937937),
(3437, 5, '0000-00-00', 1337, 1311, 1324, 1298, 400620),
(3438, 5, '0000-00-00', 1311, 1353, 1366, 1339, 162370),
(3439, 5, '0000-00-00', 1353, 1326, 1339, 1312, 656598),
(3440, 5, '0000-00-00', 1326, 1357, 1370, 1343, 533641),
(3441, 5, '0000-00-00', 1357, 1355, 1368, 1341, 315532),
(3442, 5, '0000-00-00', 1355, 1406, 1420, 1392, 762826),
(3443, 5, '0000-00-00', 1406, 1391, 1405, 1377, 464487),
(3444, 5, '0000-00-00', 1391, 1364, 1378, 1351, 113417),
(3445, 5, '0000-00-00', 1364, 1361, 1374, 1347, 688236),
(3446, 5, '0000-00-00', 1361, 1353, 1367, 1340, 323450),
(3447, 5, '0000-00-00', 1353, 1359, 1372, 1345, 834019),
(3448, 5, '0000-00-00', 1359, 1331, 1344, 1317, 962210),
(3449, 5, '0000-00-00', 1331, 1302, 1315, 1289, 176596),
(3450, 5, '0000-00-00', 1302, 1273, 1286, 1260, 222542),
(3451, 5, '0000-00-00', 1273, 1251, 1263, 1238, 474187),
(3452, 5, '0000-00-00', 1251, 1271, 1284, 1258, 525276),
(3453, 5, '0000-00-00', 1271, 1258, 1271, 1246, 221442),
(3454, 5, '0000-00-00', 1258, 1231, 1244, 1219, 397994),
(3455, 5, '0000-00-00', 1231, 1228, 1240, 1216, 471066),
(3456, 5, '0000-00-00', 1228, 1248, 1261, 1236, 317267),
(3457, 5, '0000-00-00', 1248, 1246, 1258, 1234, 149860),
(3458, 5, '0000-00-00', 1246, 1216, 1228, 1204, 434658),
(3459, 5, '0000-00-00', 1216, 1221, 1233, 1209, 693539),
(3460, 5, '0000-00-00', 1221, 1201, 1213, 1189, 273707),
(3461, 5, '0000-00-00', 1201, 1235, 1247, 1223, 185984),
(3462, 5, '0000-00-00', 1235, 1203, 1215, 1191, 837663),
(3463, 5, '0000-00-00', 1203, 1202, 1214, 1190, 625358),
(3464, 5, '0000-00-00', 1202, 1237, 1249, 1224, 917710),
(3465, 5, '0000-00-00', 1237, 1210, 1222, 1198, 159771),
(3466, 5, '0000-00-00', 1210, 1185, 1197, 1173, 454456),
(3467, 5, '0000-00-00', 1185, 1163, 1175, 1151, 287106),
(3468, 5, '0000-00-00', 1163, 1154, 1165, 1142, 111759),
(3469, 5, '0000-00-00', 1154, 1159, 1171, 1148, 389574),
(3470, 5, '0000-00-00', 1159, 1182, 1193, 1170, 659730),
(3471, 5, '0000-00-00', 1182, 1197, 1209, 1185, 605750),
(3472, 5, '0000-00-00', 1197, 1201, 1213, 1189, 644104),
(3473, 5, '0000-00-00', 1201, 1171, 1183, 1159, 806520),
(3474, 5, '0000-00-00', 1171, 1179, 1191, 1167, 680963),
(3475, 5, '0000-00-00', 1179, 1156, 1167, 1144, 254116),
(3476, 5, '0000-00-00', 1156, 1148, 1160, 1137, 131817),
(3477, 5, '0000-00-00', 1148, 1172, 1184, 1160, 679647),
(3478, 5, '0000-00-00', 1172, 1206, 1218, 1194, 182487),
(3479, 5, '0000-00-00', 1206, 1181, 1192, 1169, 697479),
(3480, 5, '0000-00-00', 1181, 1225, 1237, 1212, 346251),
(3481, 5, '0000-00-00', 1225, 1270, 1282, 1257, 716524),
(3482, 5, '0000-00-00', 1270, 1316, 1329, 1303, 202673),
(3483, 5, '0000-00-00', 1316, 1299, 1312, 1286, 130726),
(3484, 5, '0000-00-00', 1299, 1304, 1317, 1291, 765271),
(3485, 5, '0000-00-00', 1304, 1352, 1366, 1339, 902118),
(3486, 5, '0000-00-00', 1352, 1405, 1419, 1391, 291799),
(3487, 5, '0000-00-00', 1405, 1408, 1422, 1393, 225355),
(3488, 5, '0000-00-00', 1408, 1421, 1435, 1406, 417639),
(3489, 5, '0000-00-00', 1421, 1425, 1440, 1411, 789746),
(3490, 5, '0000-00-00', 1425, 1391, 1405, 1377, 614393),
(3491, 5, '0000-00-00', 1391, 1422, 1436, 1408, 524326),
(3492, 5, '0000-00-00', 1422, 1459, 1473, 1444, 906581),
(3493, 5, '0000-00-00', 1459, 1430, 1444, 1415, 577497),
(3494, 5, '0000-00-00', 1430, 1485, 1500, 1470, 695597),
(3495, 5, '0000-00-00', 1485, 1466, 1481, 1451, 177497),
(3496, 5, '0000-00-00', 1466, 1504, 1519, 1489, 164374),
(3497, 5, '0000-00-00', 1504, 1465, 1480, 1450, 350025),
(3498, 5, '0000-00-00', 1465, 1508, 1523, 1493, 412324),
(3499, 5, '0000-00-00', 1508, 1554, 1570, 1539, 197253),
(3500, 5, '0000-00-00', 1554, 1574, 1590, 1558, 700056),
(3501, 5, '0000-00-00', 1574, 1535, 1551, 1520, 298372),
(3502, 5, '0000-00-00', 1535, 1501, 1516, 1486, 437025),
(3503, 5, '0000-00-00', 1501, 1546, 1562, 1531, 124880),
(3504, 5, '0000-00-00', 1546, 1545, 1561, 1530, 209498),
(3505, 5, '0000-00-00', 1545, 1583, 1598, 1567, 234592),
(3506, 5, '0000-00-00', 1583, 1608, 1624, 1592, 976277),
(3507, 5, '0000-00-00', 1608, 1629, 1646, 1613, 767158),
(3508, 5, '0000-00-00', 1629, 1601, 1617, 1585, 870047),
(3509, 5, '0000-00-00', 1601, 1566, 1581, 1550, 817734),
(3510, 5, '0000-00-00', 1566, 1570, 1586, 1554, 534269),
(3511, 5, '0000-00-00', 1570, 1581, 1597, 1566, 919456),
(3512, 5, '0000-00-00', 1581, 1566, 1581, 1550, 385451),
(3513, 5, '0000-00-00', 1566, 1548, 1563, 1532, 778674),
(3514, 5, '0000-00-00', 1548, 1533, 1549, 1518, 856601),
(3515, 5, '0000-00-00', 1533, 1515, 1530, 1500, 607169),
(3516, 5, '0000-00-00', 1515, 1494, 1509, 1479, 860292),
(3517, 5, '0000-00-00', 1494, 1460, 1475, 1445, 451180),
(3518, 5, '0000-00-00', 1460, 1496, 1511, 1481, 407231),
(3519, 5, '0000-00-00', 1496, 1477, 1492, 1462, 289903),
(3520, 5, '0000-00-00', 1477, 1443, 1457, 1428, 358958),
(3521, 5, '0000-00-00', 1443, 1429, 1443, 1415, 891301),
(3522, 5, '0000-00-00', 1429, 1425, 1440, 1411, 585612),
(3523, 5, '0000-00-00', 1425, 1445, 1460, 1431, 992259),
(3524, 5, '0000-00-00', 1445, 1455, 1469, 1440, 232875),
(3525, 5, '0000-00-00', 1455, 1455, 1469, 1440, 375261),
(3526, 5, '0000-00-00', 1455, 1468, 1482, 1453, 948036),
(3527, 5, '0000-00-00', 1468, 1502, 1517, 1487, 840487),
(3528, 5, '0000-00-00', 1502, 1545, 1560, 1529, 412067),
(3529, 5, '0000-00-00', 1545, 1533, 1549, 1518, 497559),
(3530, 5, '0000-00-00', 1533, 1573, 1589, 1558, 727176),
(3531, 5, '0000-00-00', 1573, 1633, 1649, 1617, 658721),
(3532, 5, '0000-00-00', 1633, 1629, 1645, 1613, 161756),
(3533, 5, '0000-00-00', 1629, 1654, 1670, 1637, 728445),
(3534, 5, '0000-00-00', 1654, 1617, 1634, 1601, 412161),
(3535, 5, '0000-00-00', 1617, 1645, 1662, 1629, 634000),
(3536, 5, '0000-00-00', 1645, 1652, 1669, 1635, 146182),
(3537, 5, '0000-00-00', 1652, 1692, 1709, 1675, 815286),
(3538, 5, '0000-00-00', 1692, 1704, 1721, 1687, 188724),
(3539, 5, '0000-00-00', 1704, 1767, 1784, 1749, 776990),
(3540, 5, '0000-00-00', 1767, 1832, 1851, 1814, 580675),
(3541, 5, '0000-00-00', 1832, 1884, 1903, 1865, 568025),
(3542, 5, '0000-00-00', 1884, 1851, 1870, 1833, 934458),
(3543, 5, '0000-00-00', 1851, 1808, 1826, 1790, 996438),
(3544, 5, '0000-00-00', 1808, 1778, 1796, 1760, 232986),
(3545, 5, '0000-00-00', 1778, 1740, 1757, 1722, 253836),
(3546, 5, '0000-00-00', 1740, 1693, 1710, 1677, 167247),
(3547, 5, '0000-00-00', 1693, 1707, 1724, 1690, 963698),
(3548, 5, '0000-00-00', 1707, 1662, 1678, 1645, 904708),
(3549, 5, '0000-00-00', 1662, 1677, 1694, 1660, 249985),
(3550, 5, '0000-00-00', 1677, 1654, 1670, 1637, 368402),
(3551, 5, '0000-00-00', 1654, 1635, 1651, 1618, 675560),
(3552, 5, '0000-00-00', 1635, 1651, 1668, 1635, 726337),
(3553, 5, '0000-00-00', 1651, 1647, 1663, 1630, 680872),
(3554, 5, '0000-00-00', 1647, 1611, 1627, 1594, 817594),
(3555, 5, '0000-00-00', 1611, 1646, 1662, 1630, 177354),
(3556, 5, '0000-00-00', 1646, 1654, 1670, 1637, 502204),
(3557, 5, '0000-00-00', 1654, 1643, 1659, 1626, 395040),
(3558, 5, '0000-00-00', 1643, 1695, 1712, 1678, 740345),
(3559, 5, '0000-00-00', 1695, 1747, 1765, 1730, 939620),
(3560, 5, '0000-00-00', 1747, 1759, 1776, 1741, 222253),
(3561, 5, '0000-00-00', 1759, 1773, 1791, 1755, 936157),
(3562, 5, '0000-00-00', 1773, 1760, 1777, 1742, 529882),
(3563, 5, '0000-00-00', 1760, 1731, 1748, 1713, 267640),
(3564, 5, '0000-00-00', 1731, 1787, 1805, 1769, 791459),
(3565, 5, '0000-00-00', 1787, 1778, 1795, 1760, 910598),
(3566, 5, '0000-00-00', 1778, 1754, 1771, 1736, 792773),
(3567, 5, '0000-00-00', 1754, 1815, 1833, 1797, 340778),
(3568, 5, '0000-00-00', 1815, 1836, 1855, 1818, 909438),
(3569, 5, '0000-00-00', 1836, 1900, 1919, 1881, 906663),
(3570, 5, '0000-00-00', 1900, 1904, 1923, 1885, 467374),
(3571, 5, '0000-00-00', 1904, 1933, 1952, 1914, 781140),
(3572, 5, '0000-00-00', 1933, 1996, 2016, 1976, 356388),
(3573, 5, '0000-00-00', 1996, 2011, 2031, 1991, 577146),
(3574, 5, '0000-00-00', 2011, 2018, 2038, 1997, 623739),
(3575, 5, '0000-00-00', 2018, 2024, 2045, 2004, 758343),
(3576, 5, '0000-00-00', 2024, 2090, 2111, 2070, 384234),
(3577, 5, '0000-00-00', 2090, 2096, 2117, 2075, 367756),
(3578, 5, '0000-00-00', 2096, 2092, 2113, 2071, 264549),
(3579, 5, '0000-00-00', 2092, 2069, 2090, 2049, 565283),
(3580, 5, '0000-00-00', 2069, 2121, 2142, 2099, 612864),
(3581, 5, '0000-00-00', 2121, 2123, 2145, 2102, 274073),
(3582, 5, '0000-00-00', 2123, 2135, 2156, 2113, 396476),
(3583, 5, '0000-00-00', 2135, 2132, 2153, 2111, 680987),
(3584, 5, '0000-00-00', 2132, 2136, 2157, 2115, 760832),
(3585, 5, '0000-00-00', 2136, 2133, 2155, 2112, 261821),
(3586, 5, '0000-00-00', 2133, 2082, 2103, 2061, 630660),
(3587, 5, '0000-00-00', 2082, 2150, 2172, 2129, 457131),
(3588, 5, '0000-00-00', 2150, 2230, 2253, 2208, 772629),
(3589, 5, '0000-00-00', 2230, 2211, 2233, 2189, 870010),
(3590, 5, '0000-00-00', 2211, 2257, 2279, 2234, 186819),
(3591, 5, '0000-00-00', 2257, 2236, 2258, 2213, 268681),
(3592, 5, '0000-00-00', 2236, 2215, 2237, 2193, 694833),
(3593, 5, '0000-00-00', 2215, 2230, 2252, 2207, 352313),
(3594, 5, '0000-00-00', 2230, 2317, 2340, 2294, 847544),
(3595, 5, '0000-00-00', 2317, 2347, 2370, 2323, 405460),
(3596, 5, '0000-00-00', 2347, 2358, 2381, 2334, 920834),
(3597, 5, '0000-00-00', 2358, 2408, 2432, 2384, 844313),
(3598, 5, '0000-00-00', 2408, 2374, 2398, 2350, 509886),
(3599, 5, '0000-00-00', 2374, 2447, 2471, 2422, 836156),
(3600, 5, '0000-00-00', 2447, 2484, 2509, 2460, 539707),
(3601, 5, '0000-00-00', 2484, 2541, 2566, 2515, 980370),
(3602, 5, '0000-00-00', 2541, 2507, 2532, 2482, 232642),
(3603, 5, '0000-00-00', 2507, 2473, 2498, 2449, 795639),
(3604, 5, '0000-00-00', 2473, 2553, 2578, 2527, 345349),
(3605, 5, '0000-00-00', 2553, 2650, 2676, 2623, 913550),
(3606, 5, '0000-00-00', 2650, 2687, 2714, 2660, 197537),
(3607, 5, '0000-00-00', 2687, 2757, 2784, 2729, 664894),
(3608, 5, '0000-00-00', 2757, 2777, 2805, 2749, 831903),
(3609, 5, '0000-00-00', 2777, 2782, 2810, 2755, 126106),
(3610, 5, '0000-00-00', 2782, 2738, 2765, 2710, 265154),
(3611, 5, '0000-00-00', 2738, 2731, 2758, 2703, 197670),
(3612, 5, '0000-00-00', 2731, 2787, 2815, 2759, 132755),
(3613, 5, '0000-00-00', 2787, 2898, 2927, 2869, 359556),
(3614, 5, '0000-00-00', 2898, 2833, 2861, 2804, 972890),
(3615, 5, '0000-00-00', 2833, 2938, 2968, 2909, 657511),
(3616, 5, '0000-00-00', 2938, 2899, 2928, 2870, 567974),
(3617, 5, '0000-00-00', 2899, 2841, 2870, 2813, 724371),
(3618, 5, '0000-00-00', 2841, 2921, 2950, 2892, 226162),
(3619, 5, '0000-00-00', 2921, 3020, 3050, 2990, 238704),
(3620, 5, '0000-00-00', 3020, 3107, 3138, 3076, 843243),
(3621, 5, '0000-00-00', 3107, 3231, 3263, 3199, 636324),
(3622, 5, '0000-00-00', 3231, 3259, 3292, 3226, 922942),
(3623, 5, '0000-00-00', 3259, 3242, 3274, 3209, 651185),
(3624, 5, '0000-00-00', 3242, 3222, 3254, 3190, 769000),
(3625, 5, '0000-00-00', 3222, 3334, 3367, 3301, 388252),
(3626, 5, '0000-00-00', 3334, 3436, 3471, 3402, 548159),
(3627, 5, '0000-00-00', 3436, 3367, 3401, 3334, 863300),
(3628, 5, '0000-00-00', 3367, 3477, 3512, 3443, 347889),
(3629, 5, '0000-00-00', 3477, 3563, 3599, 3528, 559382),
(3630, 5, '0000-00-00', 3563, 3551, 3587, 3516, 320663),
(3631, 5, '0000-00-00', 3551, 3620, 3656, 3584, 297154),
(3632, 5, '0000-00-00', 3620, 3688, 3724, 3651, 340992),
(3633, 5, '0000-00-00', 3688, 3764, 3801, 3726, 589037),
(3634, 5, '0000-00-00', 3764, 3686, 3723, 3649, 100619),
(3635, 5, '0000-00-00', 3686, 3718, 3755, 3681, 163121),
(3636, 5, '0000-00-00', 3718, 3658, 3695, 3622, 372960),
(3637, 5, '0000-00-00', 3658, 3622, 3658, 3586, 483219),
(3638, 5, '0000-00-00', 3622, 3709, 3746, 3672, 246263),
(3639, 5, '0000-00-00', 3709, 3679, 3716, 3642, 275778),
(3640, 5, '0000-00-00', 3679, 3598, 3634, 3562, 941957),
(3641, 5, '0000-00-00', 3598, 3591, 3627, 3555, 794774),
(3642, 5, '0000-00-00', 3591, 3720, 3757, 3683, 300535),
(3643, 5, '0000-00-00', 3720, 3824, 3863, 3786, 623056),
(3644, 5, '0000-00-00', 3824, 3779, 3816, 3741, 124043),
(3645, 5, '0000-00-00', 3779, 3930, 3969, 3890, 982451),
(3646, 5, '0000-00-00', 3930, 4071, 4112, 4030, 992684),
(3647, 5, '0000-00-00', 4071, 4180, 4222, 4138, 995663),
(3648, 5, '0000-00-00', 4180, 4297, 4340, 4254, 645237),
(3649, 5, '0000-00-00', 4297, 4288, 4331, 4245, 671886),
(3650, 5, '0000-00-00', 4288, 4400, 4444, 4356, 529274),
(3651, 5, '0000-00-00', 4400, 4376, 4420, 4332, 441838),
(3652, 5, '0000-00-00', 4376, 4292, 4334, 4249, 458617),
(3653, 5, '0000-00-00', 4292, 4452, 4496, 4407, 508011),
(3654, 5, '0000-00-00', 4452, 4446, 4490, 4401, 761374),
(3655, 5, '0000-00-00', 4446, 4603, 4649, 4557, 627703),
(3656, 6, '0000-00-00', 7, 7, 7, 7, 673531),
(3657, 6, '0000-00-00', 7, 7, 7, 7, 615198),
(3658, 6, '0000-00-00', 7, 7, 7, 7, 791356),
(3659, 6, '0000-00-00', 7, 7, 7, 7, 385770),
(3660, 6, '0000-00-00', 7, 7, 7, 7, 905403),
(3661, 6, '0000-00-00', 7, 7, 7, 7, 826660),
(3662, 6, '0000-00-00', 7, 7, 7, 7, 715675),
(3663, 6, '0000-00-00', 7, 7, 7, 7, 607339),
(3664, 6, '0000-00-00', 7, 7, 7, 7, 774090),
(3665, 6, '0000-00-00', 7, 7, 7, 7, 106432),
(3666, 6, '0000-00-00', 7, 7, 7, 7, 138149),
(3667, 6, '0000-00-00', 7, 7, 7, 7, 579481),
(3668, 6, '0000-00-00', 7, 7, 7, 7, 461599),
(3669, 6, '0000-00-00', 7, 7, 7, 7, 802707),
(3670, 6, '0000-00-00', 7, 7, 7, 7, 768933),
(3671, 6, '0000-00-00', 7, 7, 7, 7, 172606),
(3672, 6, '0000-00-00', 7, 7, 7, 7, 652548),
(3673, 6, '0000-00-00', 7, 7, 7, 7, 791645),
(3674, 6, '0000-00-00', 7, 7, 7, 7, 266251),
(3675, 6, '0000-00-00', 7, 7, 7, 7, 483981),
(3676, 6, '0000-00-00', 7, 7, 7, 7, 368929),
(3677, 6, '0000-00-00', 7, 7, 7, 7, 115005),
(3678, 6, '0000-00-00', 7, 7, 7, 7, 457113),
(3679, 6, '0000-00-00', 7, 7, 7, 7, 449385),
(3680, 6, '0000-00-00', 7, 7, 7, 7, 144983),
(3681, 6, '0000-00-00', 7, 7, 7, 7, 403113),
(3682, 6, '0000-00-00', 7, 7, 7, 7, 937031),
(3683, 6, '0000-00-00', 7, 7, 8, 7, 466306),
(3684, 6, '0000-00-00', 7, 8, 8, 7, 610509),
(3685, 6, '0000-00-00', 8, 8, 8, 8, 327751),
(3686, 6, '0000-00-00', 8, 8, 8, 8, 377668),
(3687, 6, '0000-00-00', 8, 8, 8, 7, 655012),
(3688, 6, '0000-00-00', 8, 8, 8, 8, 341146),
(3689, 6, '0000-00-00', 8, 8, 8, 7, 918818),
(3690, 6, '0000-00-00', 8, 8, 8, 7, 129250),
(3691, 6, '0000-00-00', 8, 8, 8, 8, 692999),
(3692, 6, '0000-00-00', 8, 8, 8, 8, 756692),
(3693, 6, '0000-00-00', 8, 8, 8, 8, 169802),
(3694, 6, '0000-00-00', 8, 8, 8, 8, 775889),
(3695, 6, '0000-00-00', 8, 8, 8, 8, 499141),
(3696, 6, '0000-00-00', 8, 8, 8, 8, 165691),
(3697, 6, '0000-00-00', 8, 8, 8, 8, 529111),
(3698, 6, '0000-00-00', 8, 8, 8, 8, 296610),
(3699, 6, '0000-00-00', 8, 8, 8, 8, 761736),
(3700, 6, '0000-00-00', 8, 8, 8, 8, 216821),
(3701, 6, '0000-00-00', 8, 8, 8, 7, 616846),
(3702, 6, '0000-00-00', 8, 8, 8, 7, 747250),
(3703, 6, '0000-00-00', 8, 8, 8, 8, 117840),
(3704, 6, '0000-00-00', 8, 8, 8, 7, 961343),
(3705, 6, '0000-00-00', 8, 8, 8, 7, 948385),
(3706, 6, '0000-00-00', 8, 8, 8, 8, 258095),
(3707, 6, '0000-00-00', 8, 8, 8, 8, 613871),
(3708, 6, '0000-00-00', 8, 8, 8, 8, 684158),
(3709, 6, '0000-00-00', 8, 8, 8, 8, 254372),
(3710, 6, '0000-00-00', 8, 8, 8, 8, 842185),
(3711, 6, '0000-00-00', 8, 8, 8, 8, 983283),
(3712, 6, '0000-00-00', 8, 8, 8, 8, 597413),
(3713, 6, '0000-00-00', 8, 8, 8, 8, 493712),
(3714, 6, '0000-00-00', 8, 9, 9, 9, 657610),
(3715, 6, '0000-00-00', 9, 9, 9, 9, 456400),
(3716, 6, '0000-00-00', 9, 9, 9, 9, 986969),
(3717, 6, '0000-00-00', 9, 9, 9, 9, 699078),
(3718, 6, '0000-00-00', 9, 9, 9, 9, 702516),
(3719, 6, '0000-00-00', 9, 9, 9, 9, 637617),
(3720, 6, '0000-00-00', 9, 9, 9, 9, 184077),
(3721, 6, '0000-00-00', 9, 9, 9, 9, 631549),
(3722, 6, '0000-00-00', 9, 9, 9, 9, 974700),
(3723, 6, '0000-00-00', 9, 9, 9, 9, 593899),
(3724, 6, '0000-00-00', 9, 9, 9, 9, 860730),
(3725, 6, '0000-00-00', 9, 9, 9, 9, 855324),
(3726, 6, '0000-00-00', 9, 9, 9, 9, 137619),
(3727, 6, '0000-00-00', 9, 9, 9, 9, 465148),
(3728, 6, '0000-00-00', 9, 9, 9, 9, 528778),
(3729, 6, '0000-00-00', 9, 9, 9, 9, 622828),
(3730, 6, '0000-00-00', 9, 9, 9, 9, 185919),
(3731, 6, '0000-00-00', 9, 9, 9, 9, 537764),
(3732, 6, '0000-00-00', 9, 9, 9, 9, 881932),
(3733, 6, '0000-00-00', 9, 9, 9, 9, 993621),
(3734, 6, '0000-00-00', 9, 9, 9, 9, 456940),
(3735, 6, '0000-00-00', 9, 9, 9, 9, 310273),
(3736, 6, '0000-00-00', 9, 9, 9, 9, 603891),
(3737, 6, '0000-00-00', 9, 9, 9, 9, 416502),
(3738, 6, '0000-00-00', 9, 9, 9, 9, 826409),
(3739, 6, '0000-00-00', 9, 9, 9, 9, 374082),
(3740, 6, '0000-00-00', 9, 9, 9, 9, 489276),
(3741, 6, '0000-00-00', 9, 9, 9, 9, 255897),
(3742, 6, '0000-00-00', 9, 9, 9, 9, 918175),
(3743, 6, '0000-00-00', 9, 8, 9, 8, 416291),
(3744, 6, '0000-00-00', 8, 8, 9, 8, 372206),
(3745, 6, '0000-00-00', 8, 9, 9, 8, 412575),
(3746, 6, '0000-00-00', 9, 9, 9, 9, 675067),
(3747, 6, '0000-00-00', 9, 9, 9, 9, 688816),
(3748, 6, '0000-00-00', 9, 9, 9, 9, 761179),
(3749, 6, '0000-00-00', 9, 9, 9, 9, 353404),
(3750, 6, '0000-00-00', 9, 9, 9, 9, 273942),
(3751, 6, '0000-00-00', 9, 9, 9, 9, 259605),
(3752, 6, '0000-00-00', 9, 9, 9, 9, 750821),
(3753, 6, '0000-00-00', 9, 9, 9, 9, 703491),
(3754, 6, '0000-00-00', 9, 9, 9, 9, 896528),
(3755, 6, '0000-00-00', 9, 9, 10, 9, 864726),
(3756, 6, '0000-00-00', 9, 10, 10, 10, 310053),
(3757, 6, '0000-00-00', 10, 10, 10, 10, 197384),
(3758, 6, '0000-00-00', 10, 9, 10, 9, 124050),
(3759, 6, '0000-00-00', 9, 10, 10, 9, 824573),
(3760, 6, '0000-00-00', 10, 10, 10, 10, 336959),
(3761, 6, '0000-00-00', 10, 10, 10, 10, 158339),
(3762, 6, '0000-00-00', 10, 10, 10, 10, 174261),
(3763, 6, '0000-00-00', 10, 11, 11, 10, 295927),
(3764, 6, '0000-00-00', 11, 10, 11, 10, 936168),
(3765, 6, '0000-00-00', 10, 10, 10, 10, 246883),
(3766, 6, '0000-00-00', 10, 10, 10, 10, 728253),
(3767, 6, '0000-00-00', 10, 10, 10, 10, 152955),
(3768, 6, '0000-00-00', 10, 10, 10, 10, 413536),
(3769, 6, '0000-00-00', 10, 10, 10, 10, 149423),
(3770, 6, '0000-00-00', 10, 10, 10, 10, 371241),
(3771, 6, '0000-00-00', 10, 10, 10, 10, 791839),
(3772, 6, '0000-00-00', 10, 10, 10, 10, 592943),
(3773, 6, '0000-00-00', 10, 11, 11, 10, 858360),
(3774, 6, '0000-00-00', 11, 10, 11, 10, 196240),
(3775, 6, '0000-00-00', 10, 10, 10, 10, 448831),
(3776, 6, '0000-00-00', 10, 10, 11, 10, 866135),
(3777, 6, '0000-00-00', 10, 10, 11, 10, 412867),
(3778, 6, '0000-00-00', 10, 10, 10, 10, 475789),
(3779, 6, '0000-00-00', 10, 10, 10, 10, 694007),
(3780, 6, '0000-00-00', 10, 11, 11, 11, 611230),
(3781, 6, '0000-00-00', 11, 10, 11, 10, 999451),
(3782, 6, '0000-00-00', 10, 11, 11, 10, 920668),
(3783, 6, '0000-00-00', 11, 11, 11, 11, 142348),
(3784, 6, '0000-00-00', 11, 11, 11, 10, 848471),
(3785, 6, '0000-00-00', 11, 10, 11, 10, 224102),
(3786, 6, '0000-00-00', 10, 10, 10, 10, 956133),
(3787, 6, '0000-00-00', 10, 11, 11, 10, 337578),
(3788, 6, '0000-00-00', 11, 11, 11, 10, 431868),
(3789, 6, '0000-00-00', 11, 11, 11, 10, 895093),
(3790, 6, '0000-00-00', 11, 11, 11, 11, 642788),
(3791, 6, '0000-00-00', 11, 11, 11, 11, 121643),
(3792, 6, '0000-00-00', 11, 11, 11, 11, 449077),
(3793, 6, '0000-00-00', 11, 11, 11, 11, 897041),
(3794, 6, '0000-00-00', 11, 11, 11, 11, 221284),
(3795, 6, '0000-00-00', 11, 11, 11, 11, 100357),
(3796, 6, '0000-00-00', 11, 11, 12, 11, 727767),
(3797, 6, '0000-00-00', 11, 12, 12, 12, 706614),
(3798, 6, '0000-00-00', 12, 12, 12, 12, 656771),
(3799, 6, '0000-00-00', 12, 11, 12, 11, 124081),
(3800, 6, '0000-00-00', 11, 11, 11, 11, 217643),
(3801, 6, '0000-00-00', 11, 12, 12, 11, 124786),
(3802, 6, '0000-00-00', 12, 11, 12, 11, 115626),
(3803, 6, '0000-00-00', 11, 12, 12, 12, 179736),
(3804, 6, '0000-00-00', 12, 12, 12, 12, 618072),
(3805, 6, '0000-00-00', 12, 12, 12, 12, 352110),
(3806, 6, '0000-00-00', 12, 12, 12, 12, 581765),
(3807, 6, '0000-00-00', 12, 12, 12, 12, 688610),
(3808, 6, '0000-00-00', 12, 12, 12, 12, 135628),
(3809, 6, '0000-00-00', 12, 12, 12, 12, 663259),
(3810, 6, '0000-00-00', 12, 12, 12, 12, 415372),
(3811, 6, '0000-00-00', 12, 12, 12, 12, 349818),
(3812, 6, '0000-00-00', 12, 12, 12, 12, 804008),
(3813, 6, '0000-00-00', 12, 12, 12, 12, 490810),
(3814, 6, '0000-00-00', 12, 12, 12, 12, 978223),
(3815, 6, '0000-00-00', 12, 13, 13, 13, 533975),
(3816, 6, '0000-00-00', 13, 13, 13, 12, 956801),
(3817, 6, '0000-00-00', 13, 13, 13, 13, 936693),
(3818, 6, '0000-00-00', 13, 13, 13, 13, 991129),
(3819, 6, '0000-00-00', 13, 13, 13, 13, 159709),
(3820, 6, '0000-00-00', 13, 13, 13, 13, 470081),
(3821, 6, '0000-00-00', 13, 13, 13, 13, 697678),
(3822, 6, '0000-00-00', 13, 13, 14, 13, 359220),
(3823, 6, '0000-00-00', 13, 14, 14, 13, 469666),
(3824, 6, '0000-00-00', 14, 14, 14, 14, 197362),
(3825, 6, '0000-00-00', 14, 14, 14, 14, 811144),
(3826, 6, '0000-00-00', 14, 14, 14, 14, 951117),
(3827, 6, '0000-00-00', 14, 14, 14, 14, 462415),
(3828, 6, '0000-00-00', 14, 14, 14, 14, 404273),
(3829, 6, '0000-00-00', 14, 14, 14, 14, 583284),
(3830, 6, '0000-00-00', 14, 14, 14, 14, 566029),
(3831, 6, '0000-00-00', 14, 14, 14, 14, 781519),
(3832, 6, '0000-00-00', 14, 14, 14, 13, 286511),
(3833, 6, '0000-00-00', 14, 13, 14, 13, 303994),
(3834, 6, '0000-00-00', 13, 13, 13, 13, 791331),
(3835, 6, '0000-00-00', 13, 13, 13, 13, 170511),
(3836, 6, '0000-00-00', 13, 13, 14, 13, 534859),
(3837, 6, '0000-00-00', 13, 14, 14, 14, 955726),
(3838, 6, '0000-00-00', 14, 14, 14, 14, 177971),
(3839, 6, '0000-00-00', 14, 14, 14, 14, 317113),
(3840, 6, '0000-00-00', 14, 14, 14, 14, 397117),
(3841, 6, '0000-00-00', 14, 14, 14, 14, 849147),
(3842, 6, '0000-00-00', 14, 14, 14, 14, 121288),
(3843, 6, '0000-00-00', 14, 14, 14, 14, 426706),
(3844, 6, '0000-00-00', 14, 14, 14, 14, 186587),
(3845, 6, '0000-00-00', 14, 14, 14, 14, 605467),
(3846, 6, '0000-00-00', 14, 14, 14, 14, 564662),
(3847, 6, '0000-00-00', 14, 14, 14, 14, 130679),
(3848, 6, '0000-00-00', 14, 15, 15, 14, 373104),
(3849, 6, '0000-00-00', 15, 15, 15, 14, 528905),
(3850, 6, '0000-00-00', 15, 15, 15, 15, 825473),
(3851, 6, '0000-00-00', 15, 15, 15, 15, 974190),
(3852, 6, '0000-00-00', 15, 15, 15, 15, 276432),
(3853, 6, '0000-00-00', 15, 15, 15, 15, 530357),
(3854, 6, '0000-00-00', 15, 15, 15, 15, 884795),
(3855, 6, '0000-00-00', 15, 15, 15, 15, 650128),
(3856, 6, '0000-00-00', 15, 15, 15, 15, 430461),
(3857, 6, '0000-00-00', 15, 15, 15, 15, 562538),
(3858, 6, '0000-00-00', 15, 15, 15, 15, 719912),
(3859, 6, '0000-00-00', 15, 15, 15, 15, 430628),
(3860, 6, '0000-00-00', 15, 15, 16, 15, 458454),
(3861, 6, '0000-00-00', 15, 15, 15, 15, 463162),
(3862, 6, '0000-00-00', 15, 16, 16, 15, 713470),
(3863, 6, '0000-00-00', 16, 16, 16, 16, 288998),
(3864, 6, '0000-00-00', 16, 16, 16, 16, 756936),
(3865, 6, '0000-00-00', 16, 15, 16, 15, 676186),
(3866, 6, '0000-00-00', 15, 16, 16, 16, 778287),
(3867, 6, '0000-00-00', 16, 16, 16, 16, 815142),
(3868, 6, '0000-00-00', 16, 16, 16, 16, 386135),
(3869, 6, '0000-00-00', 16, 16, 16, 16, 573377),
(3870, 6, '0000-00-00', 16, 16, 16, 16, 104059),
(3871, 6, '0000-00-00', 16, 16, 17, 16, 478728),
(3872, 6, '0000-00-00', 16, 16, 17, 16, 713124),
(3873, 6, '0000-00-00', 16, 16, 16, 16, 837561),
(3874, 6, '0000-00-00', 16, 17, 17, 17, 812447),
(3875, 6, '0000-00-00', 17, 17, 17, 17, 654530),
(3876, 6, '0000-00-00', 17, 17, 17, 17, 231647),
(3877, 6, '0000-00-00', 17, 17, 17, 16, 767269),
(3878, 6, '0000-00-00', 17, 17, 17, 17, 850872),
(3879, 6, '0000-00-00', 17, 17, 17, 17, 564326),
(3880, 6, '0000-00-00', 17, 17, 17, 17, 290655),
(3881, 6, '0000-00-00', 17, 18, 18, 17, 315164),
(3882, 6, '0000-00-00', 18, 18, 18, 18, 622175),
(3883, 6, '0000-00-00', 18, 18, 18, 18, 598187),
(3884, 6, '0000-00-00', 18, 18, 18, 18, 494011),
(3885, 6, '0000-00-00', 18, 18, 18, 18, 916763),
(3886, 6, '0000-00-00', 18, 17, 18, 17, 475329),
(3887, 6, '0000-00-00', 17, 18, 18, 17, 833338),
(3888, 6, '0000-00-00', 18, 18, 18, 18, 653787),
(3889, 6, '0000-00-00', 18, 18, 19, 18, 750655),
(3890, 6, '0000-00-00', 18, 18, 19, 18, 741447),
(3891, 6, '0000-00-00', 18, 19, 19, 19, 853140),
(3892, 6, '0000-00-00', 19, 19, 19, 19, 921890),
(3893, 6, '0000-00-00', 19, 19, 19, 18, 765718),
(3894, 6, '0000-00-00', 19, 19, 19, 19, 821108),
(3895, 6, '0000-00-00', 19, 19, 19, 19, 195893),
(3896, 6, '0000-00-00', 19, 19, 20, 19, 899432),
(3897, 6, '0000-00-00', 19, 20, 20, 20, 392884),
(3898, 6, '0000-00-00', 20, 20, 20, 20, 353968),
(3899, 6, '0000-00-00', 20, 20, 21, 20, 515291),
(3900, 6, '0000-00-00', 20, 20, 20, 20, 943275),
(3901, 6, '0000-00-00', 20, 20, 20, 20, 582793),
(3902, 6, '0000-00-00', 20, 21, 21, 21, 479213),
(3903, 6, '0000-00-00', 21, 21, 21, 21, 309340),
(3904, 6, '0000-00-00', 21, 21, 21, 20, 696012),
(3905, 6, '0000-00-00', 21, 21, 21, 20, 746120),
(3906, 6, '0000-00-00', 21, 20, 21, 20, 420151),
(3907, 6, '0000-00-00', 20, 21, 21, 21, 920509),
(3908, 6, '0000-00-00', 21, 21, 21, 21, 380636),
(3909, 6, '0000-00-00', 21, 21, 21, 21, 490908),
(3910, 6, '0000-00-00', 21, 21, 21, 21, 114410),
(3911, 6, '0000-00-00', 21, 21, 21, 21, 265934),
(3912, 6, '0000-00-00', 21, 21, 21, 21, 662553),
(3913, 6, '0000-00-00', 21, 21, 21, 21, 879546),
(3914, 6, '0000-00-00', 21, 22, 22, 21, 462131),
(3915, 6, '0000-00-00', 22, 21, 22, 21, 105672),
(3916, 6, '0000-00-00', 21, 22, 22, 21, 263948),
(3917, 6, '0000-00-00', 22, 22, 22, 22, 578895),
(3918, 6, '0000-00-00', 22, 22, 23, 22, 933658),
(3919, 6, '0000-00-00', 22, 22, 23, 22, 331177),
(3920, 6, '0000-00-00', 22, 23, 24, 23, 715831),
(3921, 6, '0000-00-00', 23, 24, 24, 24, 338485),
(3922, 6, '0000-00-00', 24, 24, 24, 24, 123056),
(3923, 6, '0000-00-00', 24, 24, 24, 24, 781651),
(3924, 6, '0000-00-00', 24, 25, 25, 24, 899200),
(3925, 6, '0000-00-00', 25, 25, 25, 24, 233811),
(3926, 6, '0000-00-00', 25, 25, 25, 24, 731062),
(3927, 6, '0000-00-00', 25, 24, 24, 24, 432027),
(3928, 6, '0000-00-00', 24, 24, 25, 24, 967894),
(3929, 6, '0000-00-00', 24, 24, 24, 24, 623185),
(3930, 6, '0000-00-00', 24, 24, 25, 24, 350953),
(3931, 6, '0000-00-00', 24, 24, 25, 24, 541918),
(3932, 6, '0000-00-00', 24, 25, 25, 25, 790222),
(3933, 6, '0000-00-00', 25, 24, 25, 24, 837438),
(3934, 6, '0000-00-00', 24, 25, 25, 25, 321385),
(3935, 6, '0000-00-00', 25, 25, 25, 25, 484825),
(3936, 6, '0000-00-00', 25, 24, 25, 24, 294169),
(3937, 6, '0000-00-00', 24, 25, 25, 25, 800164),
(3938, 6, '0000-00-00', 25, 26, 26, 26, 544970),
(3939, 6, '0000-00-00', 26, 27, 27, 27, 822754),
(3940, 6, '0000-00-00', 27, 27, 27, 27, 328128),
(3941, 6, '0000-00-00', 27, 27, 27, 27, 914544),
(3942, 6, '0000-00-00', 27, 27, 27, 27, 332441),
(3943, 6, '0000-00-00', 27, 28, 28, 27, 796150),
(3944, 6, '0000-00-00', 28, 28, 28, 27, 664970),
(3945, 6, '0000-00-00', 28, 29, 29, 28, 378405),
(3946, 6, '0000-00-00', 29, 29, 29, 28, 870775),
(3947, 6, '0000-00-00', 29, 30, 30, 29, 861977),
(3948, 6, '0000-00-00', 30, 30, 30, 30, 762770),
(3949, 6, '0000-00-00', 30, 31, 31, 31, 443203),
(3950, 6, '0000-00-00', 31, 31, 31, 31, 670765),
(3951, 6, '0000-00-00', 31, 31, 31, 31, 762860),
(3952, 6, '0000-00-00', 31, 32, 32, 32, 214454),
(3953, 6, '0000-00-00', 32, 32, 32, 32, 173241),
(3954, 6, '0000-00-00', 32, 32, 32, 31, 828591),
(3955, 6, '0000-00-00', 32, 32, 33, 32, 951323),
(3956, 6, '0000-00-00', 32, 33, 34, 33, 613682),
(3957, 6, '0000-00-00', 33, 34, 34, 34, 421021),
(3958, 6, '0000-00-00', 34, 34, 34, 33, 151578),
(3959, 6, '0000-00-00', 34, 34, 35, 34, 266515),
(3960, 6, '0000-00-00', 34, 34, 35, 34, 492258),
(3961, 6, '0000-00-00', 34, 34, 34, 34, 233584),
(3962, 6, '0000-00-00', 34, 34, 35, 34, 662107),
(3963, 6, '0000-00-00', 34, 35, 36, 35, 173782),
(3964, 6, '0000-00-00', 35, 36, 37, 36, 954752),
(3965, 6, '0000-00-00', 36, 36, 37, 36, 378934),
(3966, 6, '0000-00-00', 36, 37, 38, 37, 385762),
(3967, 6, '0000-00-00', 37, 36, 37, 36, 274917),
(3968, 6, '0000-00-00', 36, 37, 38, 37, 445250),
(3969, 6, '0000-00-00', 37, 38, 38, 37, 661699),
(3970, 6, '0000-00-00', 38, 38, 38, 37, 381164),
(3971, 6, '0000-00-00', 38, 38, 38, 38, 692179),
(3972, 6, '0000-00-00', 38, 37, 37, 37, 769771),
(3973, 6, '0000-00-00', 37, 36, 37, 36, 990573),
(3974, 6, '0000-00-00', 36, 36, 36, 35, 170240),
(3975, 6, '0000-00-00', 36, 36, 37, 36, 411622),
(3976, 6, '0000-00-00', 36, 37, 37, 37, 723995),
(3977, 6, '0000-00-00', 37, 38, 38, 38, 990283),
(3978, 6, '0000-00-00', 38, 37, 37, 37, 186232),
(3979, 6, '0000-00-00', 37, 37, 38, 37, 223896),
(3980, 6, '0000-00-00', 37, 36, 37, 36, 753012),
(3981, 6, '0000-00-00', 36, 37, 37, 36, 700584),
(3982, 6, '0000-00-00', 37, 37, 38, 37, 426821),
(3983, 6, '0000-00-00', 37, 36, 37, 36, 794294),
(3984, 6, '0000-00-00', 36, 38, 38, 37, 192746),
(3985, 6, '0000-00-00', 38, 37, 37, 37, 936708),
(3986, 6, '0000-00-00', 37, 38, 38, 37, 226372),
(3987, 6, '0000-00-00', 38, 37, 37, 36, 538274),
(3988, 6, '0000-00-00', 37, 38, 38, 38, 336113),
(3989, 6, '0000-00-00', 38, 38, 38, 37, 487412),
(3990, 6, '0000-00-00', 38, 37, 38, 37, 658475),
(3991, 6, '0000-00-00', 37, 39, 39, 38, 736409),
(3992, 6, '0000-00-00', 39, 39, 39, 38, 785593),
(3993, 6, '0000-00-00', 39, 40, 40, 39, 529844),
(3994, 6, '0000-00-00', 40, 41, 41, 40, 792562),
(3995, 6, '0000-00-00', 41, 42, 42, 42, 929515),
(3996, 6, '0000-00-00', 42, 43, 43, 42, 885516),
(3997, 6, '0000-00-00', 43, 44, 44, 44, 504138),
(3998, 6, '0000-00-00', 44, 43, 44, 43, 673090),
(3999, 6, '0000-00-00', 43, 43, 44, 43, 866586),
(4000, 6, '0000-00-00', 43, 44, 44, 43, 815197),
(4001, 6, '0000-00-00', 44, 43, 43, 42, 135839),
(4002, 6, '0000-00-00', 43, 44, 45, 44, 198742),
(4003, 6, '0000-00-00', 44, 44, 44, 43, 373432),
(4004, 6, '0000-00-00', 44, 43, 43, 43, 149617),
(4005, 6, '0000-00-00', 43, 43, 43, 43, 162439),
(4006, 6, '0000-00-00', 43, 42, 43, 42, 224641),
(4007, 6, '0000-00-00', 42, 42, 42, 42, 998162),
(4008, 6, '0000-00-00', 42, 43, 43, 42, 184459),
(4009, 6, '0000-00-00', 43, 44, 45, 44, 191402),
(4010, 6, '0000-00-00', 44, 44, 44, 43, 147847),
(4011, 6, '0000-00-00', 44, 44, 45, 44, 197663),
(4012, 6, '0000-00-00', 44, 45, 45, 45, 132688),
(4013, 6, '0000-00-00', 45, 44, 45, 44, 315664),
(4014, 6, '0000-00-00', 44, 44, 44, 43, 253231),
(4015, 6, '0000-00-00', 44, 45, 45, 44, 629249),
(4016, 6, '0000-00-00', 45, 46, 46, 45, 554696),
(4017, 6, '0000-00-00', 46, 45, 45, 44, 299744),
(4018, 6, '0000-00-00', 45, 44, 45, 44, 591682),
(4019, 6, '0000-00-00', 44, 45, 46, 45, 500514),
(4020, 6, '0000-00-00', 45, 47, 47, 46, 595250),
(4021, 6, '0000-00-00', 47, 46, 47, 46, 170848),
(4022, 6, '0000-00-00', 46, 46, 46, 45, 291535),
(4023, 6, '0000-00-00', 46, 45, 46, 45, 297293),
(4024, 6, '0000-00-00', 45, 45, 46, 45, 501012),
(4025, 6, '0000-00-00', 45, 45, 45, 44, 571096),
(4026, 6, '0000-00-00', 45, 44, 44, 43, 289482),
(4027, 6, '0000-00-00', 44, 45, 46, 45, 117282),
(4028, 6, '0000-00-00', 45, 47, 47, 46, 976208);
INSERT INTO `pricehistory` (`ID`, `CryptoID`, `Date`, `Open`, `Close`, `High`, `Low`, `Volume`) VALUES
(4029, 6, '0000-00-00', 47, 48, 48, 47, 278564),
(4030, 6, '0000-00-00', 48, 47, 47, 46, 984713),
(4031, 6, '0000-00-00', 47, 46, 46, 45, 126240),
(4032, 6, '0000-00-00', 46, 45, 45, 44, 916968),
(4033, 6, '0000-00-00', 45, 46, 46, 45, 375816),
(4034, 6, '0000-00-00', 46, 47, 48, 47, 359851),
(4035, 6, '0000-00-00', 47, 48, 48, 47, 257556),
(4036, 6, '0000-00-00', 48, 48, 48, 47, 795017),
(4037, 6, '0000-00-00', 48, 49, 49, 48, 920871),
(4038, 6, '0000-00-00', 49, 48, 48, 47, 529122),
(4039, 6, '0000-00-00', 48, 47, 48, 47, 585161),
(4040, 6, '0000-00-00', 47, 47, 48, 47, 101252),
(4041, 6, '0000-00-00', 47, 46, 47, 46, 681926),
(4042, 6, '0000-00-00', 46, 48, 48, 47, 600384),
(4043, 6, '0000-00-00', 48, 48, 48, 47, 215329),
(4044, 6, '0000-00-00', 48, 48, 49, 48, 181065),
(4045, 6, '0000-00-00', 48, 50, 51, 50, 290962),
(4046, 6, '0000-00-00', 50, 50, 50, 49, 652609),
(4047, 6, '0000-00-00', 50, 51, 52, 51, 984583),
(4048, 6, '0000-00-00', 51, 51, 52, 51, 738013),
(4049, 6, '0000-00-00', 51, 53, 54, 53, 416837),
(4050, 6, '0000-00-00', 53, 55, 56, 55, 345139),
(4051, 6, '0000-00-00', 55, 57, 58, 56, 486311),
(4052, 6, '0000-00-00', 57, 56, 57, 55, 369977),
(4053, 6, '0000-00-00', 56, 55, 55, 54, 513758),
(4054, 6, '0000-00-00', 55, 54, 55, 54, 717065),
(4055, 6, '0000-00-00', 54, 56, 56, 55, 424805),
(4056, 6, '0000-00-00', 56, 58, 58, 57, 588113),
(4057, 6, '0000-00-00', 58, 58, 58, 57, 256864),
(4058, 6, '0000-00-00', 58, 58, 59, 58, 534094),
(4059, 6, '0000-00-00', 58, 59, 60, 59, 465159),
(4060, 6, '0000-00-00', 59, 60, 61, 59, 453003),
(4061, 6, '0000-00-00', 60, 61, 61, 60, 597755),
(4062, 6, '0000-00-00', 61, 62, 62, 61, 984555),
(4063, 6, '0000-00-00', 62, 61, 62, 60, 743948),
(4064, 6, '0000-00-00', 61, 62, 63, 62, 406000),
(4065, 6, '0000-00-00', 62, 62, 62, 61, 516738),
(4066, 6, '0000-00-00', 62, 61, 62, 61, 202370),
(4067, 6, '0000-00-00', 61, 63, 63, 62, 867975),
(4068, 6, '0000-00-00', 63, 65, 66, 64, 462256),
(4069, 6, '0000-00-00', 65, 66, 66, 65, 701330),
(4070, 6, '0000-00-00', 66, 64, 65, 64, 859171),
(4071, 6, '0000-00-00', 64, 64, 65, 64, 998886),
(4072, 6, '0000-00-00', 64, 66, 67, 65, 653619),
(4073, 6, '0000-00-00', 66, 64, 65, 64, 950814),
(4074, 6, '0000-00-00', 64, 67, 67, 66, 715254),
(4075, 6, '0000-00-00', 67, 67, 67, 66, 930828),
(4076, 6, '0000-00-00', 67, 65, 66, 65, 812417),
(4077, 6, '0000-00-00', 65, 67, 67, 66, 616754),
(4078, 6, '0000-00-00', 67, 69, 70, 69, 839565),
(4079, 6, '0000-00-00', 69, 68, 69, 67, 570440),
(4080, 6, '0000-00-00', 68, 67, 68, 67, 627858),
(4081, 6, '0000-00-00', 67, 66, 67, 66, 478032),
(4082, 6, '0000-00-00', 66, 66, 67, 66, 965881),
(4083, 6, '0000-00-00', 66, 66, 67, 65, 477063),
(4084, 6, '0000-00-00', 66, 66, 67, 66, 267556),
(4085, 6, '0000-00-00', 66, 65, 66, 64, 258278),
(4086, 6, '0000-00-00', 65, 65, 65, 64, 173090),
(4087, 6, '0000-00-00', 65, 65, 66, 65, 741418),
(4088, 6, '0000-00-00', 65, 65, 66, 65, 225432),
(4089, 6, '0000-00-00', 65, 66, 67, 66, 476873),
(4090, 6, '0000-00-00', 66, 65, 66, 64, 114610),
(4091, 6, '0000-00-00', 65, 66, 67, 66, 534135),
(4092, 6, '0000-00-00', 66, 69, 70, 68, 656768),
(4093, 6, '0000-00-00', 69, 71, 71, 70, 213429),
(4094, 6, '0000-00-00', 71, 72, 73, 72, 400378),
(4095, 6, '0000-00-00', 72, 72, 73, 72, 111906),
(4096, 6, '0000-00-00', 72, 72, 73, 71, 446365),
(4097, 6, '0000-00-00', 72, 74, 75, 74, 132840),
(4098, 6, '0000-00-00', 74, 74, 75, 73, 632029),
(4099, 6, '0000-00-00', 74, 75, 76, 75, 714813),
(4100, 6, '0000-00-00', 75, 78, 79, 77, 752715),
(4101, 6, '0000-00-00', 78, 78, 79, 77, 823066),
(4102, 6, '0000-00-00', 78, 76, 77, 76, 771944),
(4103, 6, '0000-00-00', 76, 78, 79, 78, 505791),
(4104, 6, '0000-00-00', 78, 77, 78, 76, 472471),
(4105, 6, '0000-00-00', 77, 77, 78, 76, 189143),
(4106, 6, '0000-00-00', 77, 79, 80, 78, 474461),
(4107, 6, '0000-00-00', 79, 77, 78, 76, 273902),
(4108, 6, '0000-00-00', 77, 80, 80, 79, 206839),
(4109, 6, '0000-00-00', 80, 80, 81, 79, 195632),
(4110, 6, '0000-00-00', 80, 79, 80, 78, 214144),
(4111, 6, '0000-00-00', 79, 78, 79, 77, 537754),
(4112, 6, '0000-00-00', 78, 78, 79, 78, 556970),
(4113, 6, '0000-00-00', 78, 80, 80, 79, 480433),
(4114, 6, '0000-00-00', 80, 81, 82, 81, 971259),
(4115, 6, '0000-00-00', 81, 85, 85, 84, 640153),
(4116, 6, '0000-00-00', 85, 87, 88, 86, 199931),
(4117, 6, '0000-00-00', 87, 90, 91, 89, 928705),
(4118, 6, '0000-00-00', 90, 89, 90, 88, 867559),
(4119, 6, '0000-00-00', 89, 90, 90, 89, 914879),
(4120, 6, '0000-00-00', 90, 92, 93, 91, 309574),
(4121, 6, '0000-00-00', 92, 95, 96, 94, 929531),
(4122, 6, '0000-00-00', 95, 95, 95, 94, 103201),
(4123, 6, '0000-00-00', 95, 97, 98, 96, 224254),
(4124, 6, '0000-00-00', 97, 97, 98, 96, 352524),
(4125, 6, '0000-00-00', 97, 96, 97, 95, 946799),
(4126, 6, '0000-00-00', 96, 98, 99, 97, 819453),
(4127, 6, '0000-00-00', 98, 100, 101, 99, 299898),
(4128, 6, '0000-00-00', 100, 98, 99, 97, 535988),
(4129, 6, '0000-00-00', 98, 98, 99, 97, 863020),
(4130, 6, '0000-00-00', 98, 100, 101, 99, 769159),
(4131, 6, '0000-00-00', 100, 99, 100, 98, 111930),
(4132, 6, '0000-00-00', 99, 102, 103, 101, 844326),
(4133, 6, '0000-00-00', 102, 104, 105, 103, 776110),
(4134, 6, '0000-00-00', 104, 106, 107, 105, 686058),
(4135, 6, '0000-00-00', 106, 109, 110, 108, 644452),
(4136, 6, '0000-00-00', 109, 112, 113, 111, 774360),
(4137, 6, '0000-00-00', 112, 116, 117, 114, 242828),
(4138, 6, '0000-00-00', 116, 119, 120, 118, 794928),
(4139, 6, '0000-00-00', 119, 123, 124, 122, 202791),
(4140, 6, '0000-00-00', 123, 124, 125, 123, 391098),
(4141, 6, '0000-00-00', 124, 121, 122, 119, 281862),
(4142, 6, '0000-00-00', 121, 118, 119, 117, 818307),
(4143, 6, '0000-00-00', 118, 121, 122, 119, 390294),
(4144, 6, '0000-00-00', 121, 121, 123, 120, 561656),
(4145, 6, '0000-00-00', 121, 125, 126, 124, 963948),
(4146, 6, '0000-00-00', 125, 126, 128, 125, 874731),
(4147, 6, '0000-00-00', 126, 129, 130, 128, 442637),
(4148, 6, '0000-00-00', 129, 133, 135, 132, 698917),
(4149, 6, '0000-00-00', 133, 136, 137, 134, 371682),
(4150, 6, '0000-00-00', 136, 136, 137, 135, 900935),
(4151, 6, '0000-00-00', 136, 134, 135, 132, 190971),
(4152, 6, '0000-00-00', 134, 135, 137, 134, 606697),
(4153, 6, '0000-00-00', 135, 133, 135, 132, 831287),
(4154, 6, '0000-00-00', 133, 136, 137, 134, 793703),
(4155, 6, '0000-00-00', 136, 138, 139, 137, 461151),
(4156, 6, '0000-00-00', 138, 139, 140, 137, 408854),
(4157, 6, '0000-00-00', 139, 137, 139, 136, 320734),
(4158, 6, '0000-00-00', 137, 137, 138, 135, 401522),
(4159, 6, '0000-00-00', 137, 133, 135, 132, 180405),
(4160, 6, '0000-00-00', 133, 135, 136, 134, 880788),
(4161, 6, '0000-00-00', 135, 135, 136, 134, 276899),
(4162, 6, '0000-00-00', 135, 137, 138, 135, 173096),
(4163, 6, '0000-00-00', 137, 138, 140, 137, 981861),
(4164, 6, '0000-00-00', 138, 136, 138, 135, 957405),
(4165, 6, '0000-00-00', 136, 141, 142, 139, 486442),
(4166, 6, '0000-00-00', 141, 141, 142, 139, 909612),
(4167, 6, '0000-00-00', 141, 145, 147, 144, 507623),
(4168, 6, '0000-00-00', 145, 146, 147, 144, 937774),
(4169, 6, '0000-00-00', 146, 143, 144, 141, 804018),
(4170, 6, '0000-00-00', 143, 146, 147, 144, 191330),
(4171, 6, '0000-00-00', 146, 148, 149, 146, 270916),
(4172, 6, '0000-00-00', 148, 146, 148, 145, 477821),
(4173, 6, '0000-00-00', 146, 146, 147, 145, 881180),
(4174, 6, '0000-00-00', 146, 144, 146, 143, 983750),
(4175, 6, '0000-00-00', 144, 146, 148, 145, 698922),
(4176, 6, '0000-00-00', 146, 146, 147, 144, 768509),
(4177, 6, '0000-00-00', 146, 148, 150, 147, 177785),
(4178, 6, '0000-00-00', 148, 146, 148, 145, 132950),
(4179, 6, '0000-00-00', 146, 147, 149, 146, 486687),
(4180, 6, '0000-00-00', 147, 153, 155, 152, 685399),
(4181, 6, '0000-00-00', 153, 159, 160, 157, 362434),
(4182, 6, '0000-00-00', 159, 154, 156, 153, 399842),
(4183, 6, '0000-00-00', 154, 157, 159, 156, 784662),
(4184, 6, '0000-00-00', 157, 162, 164, 161, 143934),
(4185, 6, '0000-00-00', 162, 168, 169, 166, 389400),
(4186, 6, '0000-00-00', 168, 172, 173, 170, 943110),
(4187, 6, '0000-00-00', 172, 176, 177, 174, 426857),
(4188, 6, '0000-00-00', 176, 178, 180, 176, 281880),
(4189, 6, '0000-00-00', 178, 178, 179, 176, 681221),
(4190, 6, '0000-00-00', 178, 185, 187, 183, 714055),
(4191, 6, '0000-00-00', 185, 182, 184, 180, 913541),
(4192, 6, '0000-00-00', 182, 188, 190, 186, 938184),
(4193, 6, '0000-00-00', 188, 188, 190, 186, 138699),
(4194, 6, '0000-00-00', 188, 186, 188, 184, 364460),
(4195, 6, '0000-00-00', 186, 188, 190, 186, 564551),
(4196, 6, '0000-00-00', 188, 191, 192, 189, 928548),
(4197, 6, '0000-00-00', 191, 198, 199, 196, 580041),
(4198, 6, '0000-00-00', 198, 196, 198, 194, 479658),
(4199, 6, '0000-00-00', 196, 201, 203, 199, 938342),
(4200, 6, '0000-00-00', 201, 208, 210, 206, 227563),
(4201, 6, '0000-00-00', 208, 210, 212, 208, 722483),
(4202, 6, '0000-00-00', 210, 218, 220, 216, 227067),
(4203, 6, '0000-00-00', 218, 216, 218, 214, 979560),
(4204, 6, '0000-00-00', 216, 217, 220, 215, 263986),
(4205, 6, '0000-00-00', 217, 219, 222, 217, 705911),
(4206, 6, '0000-00-00', 219, 218, 221, 216, 919148),
(4207, 6, '0000-00-00', 218, 216, 218, 213, 777643),
(4208, 6, '0000-00-00', 216, 215, 218, 213, 625950),
(4209, 6, '0000-00-00', 215, 221, 224, 219, 478533),
(4210, 6, '0000-00-00', 221, 226, 228, 224, 650360),
(4211, 6, '0000-00-00', 226, 223, 226, 221, 522239),
(4212, 6, '0000-00-00', 223, 231, 233, 228, 379970),
(4213, 6, '0000-00-00', 231, 233, 236, 231, 693122),
(4214, 6, '0000-00-00', 233, 239, 242, 237, 384491),
(4215, 6, '0000-00-00', 239, 248, 251, 246, 334755),
(4216, 6, '0000-00-00', 248, 252, 254, 249, 924524),
(4217, 6, '0000-00-00', 252, 254, 257, 252, 378772),
(4218, 6, '0000-00-00', 254, 253, 255, 250, 243221),
(4219, 6, '0000-00-00', 253, 262, 264, 259, 275310),
(4220, 6, '0000-00-00', 262, 265, 268, 262, 882042),
(4221, 6, '0000-00-00', 265, 263, 266, 260, 202440),
(4222, 6, '0000-00-00', 263, 270, 273, 268, 532901),
(4223, 6, '0000-00-00', 270, 273, 275, 270, 926102),
(4224, 6, '0000-00-00', 273, 280, 283, 277, 342280),
(4225, 6, '0000-00-00', 280, 275, 278, 273, 246052),
(4226, 6, '0000-00-00', 275, 283, 285, 280, 775683),
(4227, 6, '0000-00-00', 283, 289, 292, 286, 141645),
(4228, 6, '0000-00-00', 289, 293, 296, 290, 341587),
(4229, 6, '0000-00-00', 293, 295, 298, 292, 178760),
(4230, 6, '0000-00-00', 295, 300, 303, 297, 933905),
(4231, 6, '0000-00-00', 300, 294, 297, 291, 726681),
(4232, 6, '0000-00-00', 294, 296, 299, 293, 205635),
(4233, 6, '0000-00-00', 296, 295, 298, 292, 882582),
(4234, 6, '0000-00-00', 295, 296, 299, 293, 317400),
(4235, 6, '0000-00-00', 296, 304, 307, 301, 661246),
(4236, 6, '0000-00-00', 304, 306, 309, 303, 271474),
(4237, 6, '0000-00-00', 306, 298, 301, 295, 286274),
(4238, 6, '0000-00-00', 298, 310, 313, 307, 931849),
(4239, 6, '0000-00-00', 310, 312, 315, 309, 783100),
(4240, 6, '0000-00-00', 312, 324, 327, 321, 136337),
(4241, 6, '0000-00-00', 324, 333, 336, 329, 432977),
(4242, 6, '0000-00-00', 333, 329, 332, 325, 238358),
(4243, 6, '0000-00-00', 329, 331, 335, 328, 377136),
(4244, 6, '0000-00-00', 331, 339, 342, 335, 622279),
(4245, 6, '0000-00-00', 339, 338, 341, 335, 638718),
(4246, 6, '0000-00-00', 338, 335, 339, 332, 918151),
(4247, 6, '0000-00-00', 335, 328, 331, 324, 939409),
(4248, 6, '0000-00-00', 328, 340, 344, 337, 588134),
(4249, 6, '0000-00-00', 340, 338, 341, 334, 291693),
(4250, 6, '0000-00-00', 338, 329, 332, 326, 123330),
(4251, 6, '0000-00-00', 329, 341, 344, 337, 904868),
(4252, 6, '0000-00-00', 341, 347, 350, 343, 984174),
(4253, 6, '0000-00-00', 347, 344, 348, 341, 438085),
(4254, 6, '0000-00-00', 344, 347, 350, 343, 808033),
(4255, 6, '0000-00-00', 347, 339, 342, 335, 260074),
(4256, 6, '0000-00-00', 339, 342, 345, 338, 195037),
(4257, 6, '0000-00-00', 342, 343, 347, 340, 939146),
(4258, 6, '0000-00-00', 343, 350, 354, 347, 137885),
(4259, 6, '0000-00-00', 350, 360, 364, 357, 683281),
(4260, 6, '0000-00-00', 360, 356, 360, 353, 907230),
(4261, 6, '0000-00-00', 356, 366, 370, 363, 566263),
(4262, 6, '0000-00-00', 366, 372, 376, 369, 368684),
(4263, 6, '0000-00-00', 372, 373, 377, 370, 750462),
(4264, 6, '0000-00-00', 373, 375, 379, 371, 916173),
(4265, 6, '0000-00-00', 375, 365, 369, 362, 963610),
(4266, 6, '0000-00-00', 365, 367, 371, 363, 346538),
(4267, 6, '0000-00-00', 367, 371, 375, 368, 269659),
(4268, 6, '0000-00-00', 371, 370, 374, 367, 242356),
(4269, 6, '0000-00-00', 370, 374, 378, 371, 113829),
(4270, 6, '0000-00-00', 374, 386, 389, 382, 174747),
(4271, 6, '0000-00-00', 386, 400, 404, 396, 271009),
(4272, 6, '0000-00-00', 400, 394, 398, 390, 637249),
(4273, 6, '0000-00-00', 394, 398, 402, 394, 422945),
(4274, 6, '0000-00-00', 398, 402, 406, 398, 292104),
(4275, 6, '0000-00-00', 402, 405, 409, 401, 793581),
(4276, 6, '0000-00-00', 405, 396, 400, 392, 140944),
(4277, 6, '0000-00-00', 396, 399, 403, 395, 186172),
(4278, 6, '0000-00-00', 399, 396, 400, 392, 434717),
(4279, 6, '0000-00-00', 396, 408, 412, 404, 856309),
(4280, 6, '0000-00-00', 408, 421, 425, 417, 289398),
(4281, 6, '0000-00-00', 421, 431, 435, 427, 307058),
(4282, 6, '0000-00-00', 431, 445, 449, 440, 436913),
(4283, 6, '0000-00-00', 445, 438, 443, 434, 150345),
(4284, 6, '0000-00-00', 438, 446, 451, 442, 662884),
(4285, 6, '0000-00-00', 446, 453, 457, 448, 912331),
(4286, 6, '0000-00-00', 453, 469, 474, 464, 429490),
(4287, 6, '0000-00-00', 469, 480, 485, 475, 978844),
(4288, 6, '0000-00-00', 480, 495, 500, 490, 817986),
(4289, 6, '0000-00-00', 495, 489, 494, 484, 642468),
(4290, 6, '0000-00-00', 489, 484, 489, 480, 727902),
(4291, 6, '0000-00-00', 484, 485, 490, 481, 112414),
(4292, 6, '0000-00-00', 485, 492, 497, 487, 196715),
(4293, 6, '0000-00-00', 492, 487, 491, 482, 566358),
(4294, 6, '0000-00-00', 487, 478, 483, 473, 656898),
(4295, 6, '0000-00-00', 478, 493, 498, 488, 159563),
(4296, 6, '0000-00-00', 493, 508, 513, 503, 695232),
(4297, 6, '0000-00-00', 508, 513, 519, 508, 809267),
(4298, 6, '0000-00-00', 513, 529, 535, 524, 163093),
(4299, 6, '0000-00-00', 529, 549, 554, 543, 356926),
(4300, 6, '0000-00-00', 549, 535, 541, 530, 679881),
(4301, 6, '0000-00-00', 535, 554, 559, 548, 732733),
(4302, 6, '0000-00-00', 554, 546, 551, 540, 227042),
(4303, 6, '0000-00-00', 546, 560, 565, 554, 723442),
(4304, 6, '0000-00-00', 560, 574, 580, 568, 821749),
(4305, 6, '0000-00-00', 574, 570, 576, 564, 490847),
(4306, 6, '0000-00-00', 570, 578, 584, 573, 463973),
(4307, 6, '0000-00-00', 578, 582, 588, 576, 889419),
(4308, 6, '0000-00-00', 582, 568, 574, 563, 129251),
(4309, 6, '0000-00-00', 568, 591, 597, 585, 930133),
(4310, 6, '0000-00-00', 591, 591, 597, 585, 711887),
(4311, 6, '0000-00-00', 591, 576, 582, 570, 119922),
(4312, 6, '0000-00-00', 576, 568, 574, 563, 573210),
(4313, 6, '0000-00-00', 568, 577, 582, 571, 349626),
(4314, 6, '0000-00-00', 577, 581, 587, 575, 686380),
(4315, 6, '0000-00-00', 581, 586, 592, 580, 371231),
(4316, 6, '0000-00-00', 586, 577, 583, 571, 899671),
(4317, 6, '0000-00-00', 577, 576, 582, 570, 411790),
(4318, 6, '0000-00-00', 576, 598, 604, 592, 772305),
(4319, 6, '0000-00-00', 598, 607, 613, 601, 880713),
(4320, 6, '0000-00-00', 607, 617, 623, 611, 436765),
(4321, 6, '0000-00-00', 617, 620, 626, 614, 168796),
(4322, 6, '0000-00-00', 620, 641, 647, 634, 911322),
(4323, 6, '0000-00-00', 641, 643, 649, 636, 921939),
(4324, 6, '0000-00-00', 643, 653, 659, 646, 689569),
(4325, 6, '0000-00-00', 653, 635, 642, 629, 615686),
(4326, 6, '0000-00-00', 635, 637, 644, 631, 504738),
(4327, 6, '0000-00-00', 637, 620, 626, 614, 105139),
(4328, 6, '0000-00-00', 620, 645, 651, 638, 772571),
(4329, 6, '0000-00-00', 645, 658, 665, 652, 782823),
(4330, 6, '0000-00-00', 658, 670, 677, 663, 832290),
(4331, 6, '0000-00-00', 670, 669, 676, 663, 352927),
(4332, 6, '0000-00-00', 669, 677, 684, 671, 674963),
(4333, 6, '0000-00-00', 677, 691, 698, 684, 669085),
(4334, 6, '0000-00-00', 691, 695, 702, 688, 662246),
(4335, 6, '0000-00-00', 695, 717, 724, 710, 579918),
(4336, 6, '0000-00-00', 717, 734, 741, 727, 144918),
(4337, 6, '0000-00-00', 734, 745, 752, 737, 318790),
(4338, 6, '0000-00-00', 745, 773, 780, 765, 992811),
(4339, 6, '0000-00-00', 773, 800, 808, 792, 142654),
(4340, 6, '0000-00-00', 800, 784, 792, 776, 660805),
(4341, 6, '0000-00-00', 784, 815, 823, 807, 508476),
(4342, 6, '0000-00-00', 815, 845, 854, 837, 744576),
(4343, 6, '0000-00-00', 845, 847, 855, 838, 111073),
(4344, 6, '0000-00-00', 847, 829, 837, 820, 417884),
(4345, 6, '0000-00-00', 829, 852, 860, 843, 440441),
(4346, 6, '0000-00-00', 852, 879, 887, 870, 592260),
(4347, 6, '0000-00-00', 879, 863, 872, 855, 369907),
(4348, 6, '0000-00-00', 863, 861, 870, 852, 861879),
(4349, 6, '0000-00-00', 861, 847, 855, 838, 490574),
(4350, 6, '0000-00-00', 847, 851, 860, 843, 304016),
(4351, 6, '0000-00-00', 851, 873, 882, 865, 454839),
(4352, 6, '0000-00-00', 873, 887, 896, 878, 801487),
(4353, 6, '0000-00-00', 887, 904, 913, 895, 764034),
(4354, 6, '0000-00-00', 904, 905, 914, 896, 903669),
(4355, 6, '0000-00-00', 905, 907, 917, 898, 706180),
(4356, 6, '0000-00-00', 907, 938, 948, 929, 726343),
(4357, 6, '0000-00-00', 938, 925, 934, 915, 523393),
(4358, 6, '0000-00-00', 925, 926, 936, 917, 411692),
(4359, 6, '0000-00-00', 926, 918, 927, 909, 199444),
(4360, 6, '0000-00-00', 918, 916, 925, 907, 464018),
(4361, 6, '0000-00-00', 916, 907, 916, 898, 171893),
(4362, 6, '0000-00-00', 907, 939, 948, 929, 367501),
(4363, 6, '0000-00-00', 939, 923, 932, 914, 455877),
(4364, 6, '0000-00-00', 923, 953, 962, 943, 145451),
(4365, 6, '0000-00-00', 953, 947, 957, 938, 474270),
(4366, 6, '0000-00-00', 947, 943, 953, 934, 312930),
(4367, 6, '0000-00-00', 943, 970, 979, 960, 938835),
(4368, 6, '0000-00-00', 970, 987, 997, 977, 414808),
(4369, 6, '0000-00-00', 987, 973, 983, 964, 553718),
(4370, 6, '0000-00-00', 973, 974, 984, 964, 458073),
(4371, 6, '0000-00-00', 974, 969, 979, 960, 242115),
(4372, 6, '0000-00-00', 969, 973, 983, 964, 132882),
(4373, 6, '0000-00-00', 973, 984, 994, 974, 826847),
(4374, 6, '0000-00-00', 984, 963, 972, 953, 839233),
(4375, 6, '0000-00-00', 963, 984, 994, 974, 307008),
(4376, 6, '0000-00-00', 984, 976, 986, 966, 883590),
(4377, 6, '0000-00-00', 976, 964, 974, 955, 390141),
(4378, 6, '0000-00-00', 964, 999, 1009, 989, 179044),
(4379, 6, '0000-00-00', 999, 1008, 1018, 998, 552347),
(4380, 6, '0000-00-00', 1008, 1032, 1042, 1022, 540574),
(4381, 6, '0000-00-00', 1032, 1068, 1078, 1057, 949369),
(4382, 6, '0000-00-00', 1068, 1057, 1068, 1046, 980908),
(4383, 6, '0000-00-00', 1057, 1096, 1107, 1085, 372523),
(4384, 6, '0000-00-00', 1096, 1091, 1102, 1080, 376173),
(4385, 6, '0000-00-00', 1091, 1133, 1144, 1121, 484151),
(4386, 6, '0000-00-00', 1133, 1130, 1142, 1119, 976715),
(4387, 7, '0000-00-00', 29, 28, 29, 28, 606733),
(4388, 7, '0000-00-00', 28, 29, 30, 29, 945018),
(4389, 7, '0000-00-00', 29, 30, 30, 30, 339490),
(4390, 7, '0000-00-00', 30, 31, 31, 30, 615185),
(4391, 7, '0000-00-00', 31, 31, 31, 31, 347740),
(4392, 7, '0000-00-00', 31, 32, 33, 32, 586587),
(4393, 7, '0000-00-00', 32, 33, 34, 33, 497962),
(4394, 7, '0000-00-00', 33, 34, 34, 34, 698201),
(4395, 7, '0000-00-00', 34, 33, 34, 33, 372169),
(4396, 7, '0000-00-00', 33, 34, 34, 33, 750531),
(4397, 7, '0000-00-00', 34, 35, 35, 34, 540984),
(4398, 7, '0000-00-00', 35, 34, 35, 34, 813244),
(4399, 7, '0000-00-00', 34, 35, 36, 35, 333270),
(4400, 7, '0000-00-00', 35, 35, 35, 35, 524030),
(4401, 7, '0000-00-00', 35, 34, 35, 34, 992162),
(4402, 7, '0000-00-00', 34, 34, 35, 34, 914528),
(4403, 7, '0000-00-00', 34, 34, 35, 34, 716938),
(4404, 7, '0000-00-00', 34, 34, 35, 34, 610324),
(4405, 7, '0000-00-00', 34, 34, 34, 33, 114746),
(4406, 7, '0000-00-00', 34, 35, 35, 34, 648745),
(4407, 7, '0000-00-00', 35, 36, 36, 36, 532907),
(4408, 7, '0000-00-00', 36, 38, 38, 37, 199218),
(4409, 7, '0000-00-00', 38, 38, 38, 37, 713544),
(4410, 7, '0000-00-00', 38, 38, 38, 38, 769246),
(4411, 7, '0000-00-00', 38, 38, 38, 37, 715771),
(4412, 7, '0000-00-00', 38, 38, 39, 38, 793135),
(4413, 7, '0000-00-00', 38, 37, 38, 37, 745157),
(4414, 7, '0000-00-00', 37, 37, 37, 36, 507091),
(4415, 7, '0000-00-00', 37, 37, 37, 36, 695004),
(4416, 7, '0000-00-00', 37, 37, 37, 37, 280883),
(4417, 7, '0000-00-00', 37, 36, 37, 36, 711283),
(4418, 7, '0000-00-00', 36, 35, 36, 35, 714272),
(4419, 7, '0000-00-00', 35, 37, 37, 36, 380487),
(4420, 7, '0000-00-00', 37, 38, 38, 38, 668687),
(4421, 7, '0000-00-00', 38, 39, 39, 38, 242839),
(4422, 7, '0000-00-00', 39, 39, 39, 38, 590626),
(4423, 7, '0000-00-00', 39, 38, 39, 38, 762264),
(4424, 7, '0000-00-00', 38, 40, 40, 39, 267915),
(4425, 7, '0000-00-00', 40, 41, 42, 41, 625836),
(4426, 7, '0000-00-00', 41, 41, 42, 41, 134086),
(4427, 7, '0000-00-00', 41, 43, 43, 42, 622935),
(4428, 7, '0000-00-00', 43, 42, 42, 42, 818218),
(4429, 7, '0000-00-00', 42, 41, 42, 41, 498480),
(4430, 7, '0000-00-00', 41, 43, 43, 42, 459304),
(4431, 7, '0000-00-00', 43, 42, 42, 41, 525934),
(4432, 7, '0000-00-00', 42, 41, 41, 40, 399935),
(4433, 7, '0000-00-00', 41, 42, 42, 42, 186802),
(4434, 7, '0000-00-00', 42, 43, 43, 42, 745983),
(4435, 7, '0000-00-00', 43, 43, 44, 43, 156347),
(4436, 7, '0000-00-00', 43, 42, 43, 42, 552797),
(4437, 7, '0000-00-00', 42, 43, 44, 43, 508455),
(4438, 7, '0000-00-00', 43, 42, 43, 42, 174957),
(4439, 7, '0000-00-00', 42, 43, 43, 43, 400685),
(4440, 7, '0000-00-00', 43, 44, 44, 43, 787254),
(4441, 7, '0000-00-00', 44, 43, 44, 43, 464737),
(4442, 7, '0000-00-00', 43, 45, 45, 44, 505272),
(4443, 7, '0000-00-00', 45, 46, 46, 45, 601654),
(4444, 7, '0000-00-00', 46, 47, 47, 47, 133190),
(4445, 7, '0000-00-00', 47, 47, 47, 46, 739437),
(4446, 7, '0000-00-00', 47, 48, 48, 47, 519693),
(4447, 7, '0000-00-00', 48, 48, 48, 47, 781991),
(4448, 7, '0000-00-00', 48, 47, 48, 47, 214411),
(4449, 7, '0000-00-00', 47, 47, 48, 47, 165030),
(4450, 7, '0000-00-00', 47, 49, 50, 49, 902378),
(4451, 7, '0000-00-00', 49, 49, 50, 49, 870146),
(4452, 7, '0000-00-00', 49, 49, 49, 48, 583384),
(4453, 7, '0000-00-00', 49, 50, 51, 50, 955491),
(4454, 7, '0000-00-00', 50, 52, 52, 51, 615376),
(4455, 7, '0000-00-00', 52, 53, 53, 52, 358861),
(4456, 7, '0000-00-00', 53, 53, 54, 53, 674010),
(4457, 7, '0000-00-00', 53, 55, 55, 54, 124222),
(4458, 7, '0000-00-00', 55, 53, 54, 53, 953266),
(4459, 7, '0000-00-00', 53, 55, 56, 55, 586409),
(4460, 7, '0000-00-00', 55, 54, 55, 54, 277459),
(4461, 7, '0000-00-00', 54, 55, 56, 55, 873704),
(4462, 7, '0000-00-00', 55, 54, 54, 53, 523000),
(4463, 7, '0000-00-00', 54, 54, 55, 54, 767019),
(4464, 7, '0000-00-00', 54, 55, 55, 54, 383019),
(4465, 7, '0000-00-00', 55, 55, 55, 54, 744301),
(4466, 7, '0000-00-00', 55, 56, 57, 56, 710629),
(4467, 7, '0000-00-00', 56, 58, 59, 58, 823646),
(4468, 7, '0000-00-00', 58, 57, 58, 57, 483122),
(4469, 7, '0000-00-00', 57, 56, 57, 56, 763352),
(4470, 7, '0000-00-00', 56, 57, 57, 56, 730918),
(4471, 7, '0000-00-00', 57, 58, 59, 57, 984224),
(4472, 7, '0000-00-00', 58, 57, 57, 56, 687136),
(4473, 7, '0000-00-00', 57, 57, 57, 56, 269369),
(4474, 7, '0000-00-00', 57, 56, 56, 55, 283694),
(4475, 7, '0000-00-00', 56, 57, 57, 56, 329470),
(4476, 7, '0000-00-00', 57, 56, 56, 55, 301860),
(4477, 7, '0000-00-00', 56, 58, 59, 57, 803882),
(4478, 7, '0000-00-00', 58, 57, 58, 56, 942754),
(4479, 7, '0000-00-00', 57, 57, 58, 57, 153169),
(4480, 7, '0000-00-00', 57, 58, 59, 58, 256220),
(4481, 7, '0000-00-00', 58, 60, 61, 60, 286434),
(4482, 7, '0000-00-00', 60, 62, 63, 62, 245108),
(4483, 7, '0000-00-00', 62, 63, 64, 63, 924792),
(4484, 7, '0000-00-00', 63, 65, 66, 65, 406596),
(4485, 7, '0000-00-00', 65, 66, 67, 66, 819911),
(4486, 7, '0000-00-00', 66, 66, 66, 65, 143932),
(4487, 7, '0000-00-00', 66, 66, 67, 65, 408653),
(4488, 7, '0000-00-00', 66, 67, 68, 66, 867284),
(4489, 7, '0000-00-00', 67, 68, 68, 67, 252239),
(4490, 7, '0000-00-00', 68, 69, 70, 68, 998387),
(4491, 7, '0000-00-00', 69, 71, 72, 70, 928901),
(4492, 7, '0000-00-00', 71, 71, 71, 70, 143624),
(4493, 7, '0000-00-00', 71, 74, 74, 73, 936422),
(4494, 7, '0000-00-00', 74, 75, 75, 74, 493740),
(4495, 7, '0000-00-00', 75, 77, 77, 76, 321283),
(4496, 7, '0000-00-00', 77, 77, 77, 76, 101172),
(4497, 7, '0000-00-00', 77, 78, 79, 77, 116685),
(4498, 7, '0000-00-00', 78, 78, 79, 77, 285401),
(4499, 7, '0000-00-00', 78, 79, 79, 78, 106594),
(4500, 7, '0000-00-00', 79, 82, 82, 81, 675114),
(4501, 7, '0000-00-00', 82, 81, 81, 80, 656819),
(4502, 7, '0000-00-00', 81, 79, 80, 78, 432607),
(4503, 7, '0000-00-00', 79, 82, 83, 81, 165925),
(4504, 7, '0000-00-00', 82, 83, 84, 83, 182404),
(4505, 7, '0000-00-00', 83, 81, 82, 81, 852248),
(4506, 7, '0000-00-00', 81, 84, 85, 83, 785204),
(4507, 7, '0000-00-00', 84, 84, 85, 83, 333676),
(4508, 7, '0000-00-00', 84, 83, 83, 82, 905574),
(4509, 7, '0000-00-00', 83, 82, 83, 81, 684243),
(4510, 7, '0000-00-00', 82, 80, 81, 80, 180606),
(4511, 7, '0000-00-00', 80, 83, 83, 82, 798175),
(4512, 7, '0000-00-00', 83, 83, 84, 82, 497216),
(4513, 7, '0000-00-00', 83, 86, 87, 85, 556722),
(4514, 7, '0000-00-00', 86, 87, 88, 86, 180611),
(4515, 7, '0000-00-00', 87, 85, 86, 84, 197224),
(4516, 7, '0000-00-00', 85, 84, 84, 83, 282795),
(4517, 7, '0000-00-00', 84, 85, 86, 84, 163617),
(4518, 7, '0000-00-00', 85, 85, 86, 85, 682775),
(4519, 7, '0000-00-00', 85, 88, 89, 87, 192800),
(4520, 7, '0000-00-00', 88, 90, 91, 89, 529240),
(4521, 7, '0000-00-00', 90, 88, 89, 87, 407471),
(4522, 7, '0000-00-00', 88, 89, 90, 89, 979158),
(4523, 7, '0000-00-00', 89, 92, 93, 91, 463012),
(4524, 7, '0000-00-00', 92, 91, 92, 90, 137443),
(4525, 7, '0000-00-00', 91, 89, 90, 88, 488821),
(4526, 7, '0000-00-00', 89, 87, 88, 86, 955139),
(4527, 7, '0000-00-00', 87, 90, 91, 89, 276196),
(4528, 7, '0000-00-00', 90, 90, 91, 89, 301978),
(4529, 7, '0000-00-00', 90, 90, 91, 89, 330354),
(4530, 7, '0000-00-00', 90, 89, 90, 88, 427377),
(4531, 7, '0000-00-00', 89, 87, 88, 86, 892269),
(4532, 7, '0000-00-00', 87, 88, 89, 87, 301832),
(4533, 7, '0000-00-00', 88, 87, 88, 86, 317088),
(4534, 7, '0000-00-00', 87, 87, 88, 86, 606988),
(4535, 7, '0000-00-00', 87, 85, 86, 84, 386598),
(4536, 7, '0000-00-00', 85, 85, 86, 84, 897413),
(4537, 7, '0000-00-00', 85, 86, 87, 85, 772036),
(4538, 7, '0000-00-00', 86, 87, 88, 86, 610659),
(4539, 7, '0000-00-00', 87, 90, 90, 89, 931497),
(4540, 7, '0000-00-00', 90, 93, 94, 92, 708788),
(4541, 7, '0000-00-00', 93, 91, 92, 90, 958635),
(4542, 7, '0000-00-00', 91, 90, 91, 89, 651576),
(4543, 7, '0000-00-00', 90, 91, 92, 90, 959415),
(4544, 7, '0000-00-00', 91, 95, 96, 94, 124466),
(4545, 7, '0000-00-00', 95, 94, 95, 93, 477830),
(4546, 7, '0000-00-00', 94, 93, 94, 92, 125248),
(4547, 7, '0000-00-00', 93, 96, 97, 95, 963398),
(4548, 7, '0000-00-00', 96, 94, 94, 93, 667463),
(4549, 7, '0000-00-00', 94, 97, 98, 96, 478475),
(4550, 7, '0000-00-00', 97, 96, 97, 95, 509262),
(4551, 7, '0000-00-00', 96, 95, 96, 94, 500689),
(4552, 7, '0000-00-00', 95, 98, 99, 97, 663313),
(4553, 7, '0000-00-00', 98, 97, 98, 97, 833526),
(4554, 7, '0000-00-00', 97, 97, 98, 96, 544091),
(4555, 7, '0000-00-00', 97, 96, 97, 95, 687274),
(4556, 7, '0000-00-00', 96, 95, 96, 95, 277330),
(4557, 7, '0000-00-00', 95, 99, 100, 98, 789405),
(4558, 7, '0000-00-00', 99, 100, 101, 99, 907453),
(4559, 7, '0000-00-00', 100, 99, 100, 98, 816056),
(4560, 7, '0000-00-00', 99, 99, 100, 98, 102004),
(4561, 7, '0000-00-00', 99, 101, 102, 100, 707912),
(4562, 7, '0000-00-00', 101, 103, 104, 102, 472597),
(4563, 7, '0000-00-00', 103, 104, 105, 103, 727222),
(4564, 7, '0000-00-00', 104, 108, 109, 106, 153111),
(4565, 7, '0000-00-00', 108, 108, 109, 107, 321389),
(4566, 7, '0000-00-00', 108, 108, 109, 107, 276071),
(4567, 7, '0000-00-00', 108, 110, 112, 109, 221136),
(4568, 7, '0000-00-00', 110, 108, 109, 107, 752407),
(4569, 7, '0000-00-00', 108, 110, 111, 108, 554774),
(4570, 7, '0000-00-00', 110, 113, 114, 112, 558518),
(4571, 7, '0000-00-00', 113, 112, 113, 111, 260827),
(4572, 7, '0000-00-00', 112, 112, 113, 111, 982026),
(4573, 7, '0000-00-00', 112, 113, 114, 112, 127923),
(4574, 7, '0000-00-00', 113, 112, 113, 111, 121192),
(4575, 7, '0000-00-00', 112, 115, 117, 114, 848446),
(4576, 7, '0000-00-00', 115, 114, 115, 113, 851078),
(4577, 7, '0000-00-00', 114, 112, 113, 111, 391128),
(4578, 7, '0000-00-00', 112, 111, 112, 110, 160456),
(4579, 7, '0000-00-00', 111, 111, 112, 110, 712541),
(4580, 7, '0000-00-00', 111, 112, 113, 111, 313110),
(4581, 7, '0000-00-00', 112, 113, 114, 111, 845302),
(4582, 7, '0000-00-00', 113, 115, 116, 114, 397221),
(4583, 7, '0000-00-00', 115, 118, 119, 117, 231513),
(4584, 7, '0000-00-00', 118, 117, 118, 116, 442851),
(4585, 7, '0000-00-00', 117, 119, 120, 118, 682726),
(4586, 7, '0000-00-00', 119, 123, 124, 122, 750977),
(4587, 7, '0000-00-00', 123, 128, 129, 126, 213310),
(4588, 7, '0000-00-00', 128, 130, 131, 129, 600305),
(4589, 7, '0000-00-00', 130, 131, 133, 130, 306773),
(4590, 7, '0000-00-00', 131, 134, 135, 132, 700069),
(4591, 7, '0000-00-00', 134, 132, 133, 131, 349280),
(4592, 7, '0000-00-00', 132, 131, 132, 129, 561177),
(4593, 7, '0000-00-00', 131, 136, 137, 134, 990661),
(4594, 7, '0000-00-00', 136, 140, 141, 138, 729076),
(4595, 7, '0000-00-00', 140, 141, 142, 139, 614208),
(4596, 7, '0000-00-00', 141, 142, 143, 140, 458401),
(4597, 7, '0000-00-00', 142, 145, 146, 144, 616145),
(4598, 7, '0000-00-00', 145, 150, 152, 149, 745235),
(4599, 7, '0000-00-00', 150, 147, 148, 145, 751017),
(4600, 7, '0000-00-00', 147, 149, 150, 148, 407064),
(4601, 7, '0000-00-00', 149, 145, 147, 144, 458620),
(4602, 7, '0000-00-00', 145, 150, 151, 148, 673481),
(4603, 7, '0000-00-00', 150, 149, 151, 148, 633225),
(4604, 7, '0000-00-00', 149, 149, 151, 148, 569762),
(4605, 7, '0000-00-00', 149, 146, 148, 145, 360360),
(4606, 7, '0000-00-00', 146, 148, 149, 146, 585484),
(4607, 7, '0000-00-00', 148, 148, 150, 147, 897274),
(4608, 7, '0000-00-00', 148, 148, 150, 147, 655621),
(4609, 7, '0000-00-00', 148, 148, 149, 146, 527709),
(4610, 7, '0000-00-00', 148, 148, 149, 146, 199633),
(4611, 7, '0000-00-00', 148, 151, 153, 150, 601032),
(4612, 7, '0000-00-00', 151, 156, 157, 154, 116698),
(4613, 7, '0000-00-00', 156, 156, 157, 154, 476678),
(4614, 7, '0000-00-00', 156, 162, 163, 160, 987712),
(4615, 7, '0000-00-00', 162, 159, 161, 158, 937887),
(4616, 7, '0000-00-00', 159, 162, 164, 161, 191682),
(4617, 7, '0000-00-00', 162, 166, 168, 165, 464714),
(4618, 7, '0000-00-00', 166, 170, 172, 169, 708274),
(4619, 7, '0000-00-00', 170, 176, 178, 174, 299571),
(4620, 7, '0000-00-00', 176, 179, 181, 177, 860019),
(4621, 7, '0000-00-00', 179, 185, 187, 183, 524732),
(4622, 7, '0000-00-00', 185, 182, 184, 181, 406599),
(4623, 7, '0000-00-00', 182, 187, 189, 186, 708703),
(4624, 7, '0000-00-00', 187, 186, 188, 184, 777266),
(4625, 7, '0000-00-00', 186, 186, 188, 184, 934354),
(4626, 7, '0000-00-00', 186, 184, 186, 182, 698000),
(4627, 7, '0000-00-00', 184, 180, 182, 178, 136613),
(4628, 7, '0000-00-00', 180, 184, 186, 183, 174199),
(4629, 7, '0000-00-00', 184, 185, 187, 184, 884320),
(4630, 7, '0000-00-00', 185, 188, 190, 186, 377298),
(4631, 7, '0000-00-00', 188, 190, 192, 188, 566718),
(4632, 7, '0000-00-00', 190, 195, 197, 193, 923997),
(4633, 7, '0000-00-00', 195, 192, 194, 190, 476426),
(4634, 7, '0000-00-00', 192, 189, 191, 187, 124614),
(4635, 7, '0000-00-00', 189, 192, 194, 190, 701387),
(4636, 7, '0000-00-00', 192, 195, 197, 193, 423244),
(4637, 7, '0000-00-00', 195, 200, 202, 198, 452507),
(4638, 7, '0000-00-00', 200, 206, 208, 204, 860464),
(4639, 7, '0000-00-00', 206, 209, 212, 207, 242655),
(4640, 7, '0000-00-00', 209, 207, 209, 205, 254517),
(4641, 7, '0000-00-00', 207, 212, 214, 210, 913151),
(4642, 7, '0000-00-00', 212, 216, 218, 214, 168157),
(4643, 7, '0000-00-00', 216, 212, 214, 210, 174400),
(4644, 7, '0000-00-00', 212, 215, 218, 213, 175886),
(4645, 7, '0000-00-00', 215, 223, 225, 221, 956175),
(4646, 7, '0000-00-00', 223, 220, 222, 218, 934769),
(4647, 7, '0000-00-00', 220, 220, 223, 218, 532472),
(4648, 7, '0000-00-00', 220, 225, 227, 223, 933235),
(4649, 7, '0000-00-00', 225, 234, 236, 231, 921287),
(4650, 7, '0000-00-00', 234, 239, 242, 237, 586667),
(4651, 7, '0000-00-00', 239, 238, 241, 236, 819831),
(4652, 7, '0000-00-00', 238, 245, 248, 243, 555435),
(4653, 7, '0000-00-00', 245, 250, 253, 248, 322234),
(4654, 7, '0000-00-00', 250, 260, 262, 257, 587256),
(4655, 7, '0000-00-00', 260, 265, 267, 262, 356435),
(4656, 7, '0000-00-00', 265, 262, 264, 259, 266694),
(4657, 7, '0000-00-00', 262, 257, 260, 255, 483830),
(4658, 7, '0000-00-00', 257, 267, 269, 264, 984552),
(4659, 7, '0000-00-00', 267, 267, 269, 264, 869514),
(4660, 7, '0000-00-00', 267, 277, 279, 274, 279621),
(4661, 7, '0000-00-00', 277, 286, 289, 283, 269953),
(4662, 7, '0000-00-00', 286, 283, 286, 281, 933783),
(4663, 7, '0000-00-00', 283, 280, 282, 277, 386829),
(4664, 7, '0000-00-00', 280, 280, 282, 277, 790765),
(4665, 7, '0000-00-00', 280, 286, 289, 283, 973923),
(4666, 7, '0000-00-00', 286, 285, 288, 282, 437256),
(4667, 7, '0000-00-00', 285, 296, 299, 293, 595833),
(4668, 7, '0000-00-00', 296, 307, 310, 304, 134895),
(4669, 7, '0000-00-00', 307, 318, 321, 314, 413074),
(4670, 7, '0000-00-00', 318, 328, 331, 325, 383402),
(4671, 7, '0000-00-00', 328, 334, 337, 330, 725102),
(4672, 7, '0000-00-00', 334, 343, 347, 340, 770406),
(4673, 7, '0000-00-00', 343, 347, 350, 343, 740645),
(4674, 7, '0000-00-00', 347, 353, 357, 350, 436871),
(4675, 7, '0000-00-00', 353, 352, 355, 348, 768043),
(4676, 7, '0000-00-00', 352, 345, 349, 342, 380132),
(4677, 7, '0000-00-00', 345, 345, 348, 341, 530979),
(4678, 7, '0000-00-00', 345, 357, 361, 354, 687843),
(4679, 7, '0000-00-00', 357, 370, 373, 366, 122884),
(4680, 7, '0000-00-00', 370, 370, 373, 366, 450660),
(4681, 7, '0000-00-00', 370, 361, 364, 357, 596445),
(4682, 7, '0000-00-00', 361, 361, 365, 358, 913061),
(4683, 7, '0000-00-00', 361, 352, 356, 348, 454241),
(4684, 7, '0000-00-00', 352, 356, 359, 352, 273405),
(4685, 7, '0000-00-00', 356, 357, 361, 354, 475759),
(4686, 7, '0000-00-00', 357, 351, 354, 347, 128574),
(4687, 7, '0000-00-00', 351, 354, 358, 351, 107008),
(4688, 7, '0000-00-00', 354, 357, 360, 353, 807885),
(4689, 7, '0000-00-00', 357, 352, 356, 349, 640469),
(4690, 7, '0000-00-00', 352, 354, 357, 350, 843739),
(4691, 7, '0000-00-00', 354, 349, 353, 346, 197683),
(4692, 7, '0000-00-00', 349, 350, 354, 347, 773045),
(4693, 7, '0000-00-00', 350, 360, 364, 357, 471358),
(4694, 7, '0000-00-00', 360, 370, 374, 367, 226867),
(4695, 7, '0000-00-00', 370, 367, 370, 363, 721895),
(4696, 7, '0000-00-00', 367, 362, 365, 358, 101143),
(4697, 7, '0000-00-00', 362, 356, 359, 352, 824199),
(4698, 7, '0000-00-00', 356, 357, 360, 353, 928721),
(4699, 7, '0000-00-00', 357, 359, 363, 356, 249085),
(4700, 7, '0000-00-00', 359, 364, 368, 361, 336928),
(4701, 7, '0000-00-00', 364, 370, 374, 367, 804361),
(4702, 7, '0000-00-00', 370, 373, 376, 369, 818775),
(4703, 7, '0000-00-00', 373, 383, 387, 379, 971110),
(4704, 7, '0000-00-00', 383, 385, 388, 381, 613530),
(4705, 7, '0000-00-00', 385, 376, 380, 373, 296212),
(4706, 7, '0000-00-00', 376, 385, 389, 381, 588623),
(4707, 7, '0000-00-00', 385, 391, 395, 387, 971867),
(4708, 7, '0000-00-00', 391, 387, 390, 383, 140480),
(4709, 7, '0000-00-00', 387, 395, 399, 391, 680727),
(4710, 7, '0000-00-00', 395, 403, 407, 399, 371313),
(4711, 7, '0000-00-00', 403, 410, 414, 406, 664539),
(4712, 7, '0000-00-00', 410, 423, 427, 419, 667131),
(4713, 7, '0000-00-00', 423, 419, 423, 415, 681229),
(4714, 7, '0000-00-00', 419, 435, 439, 430, 765232),
(4715, 7, '0000-00-00', 435, 439, 443, 434, 276818),
(4716, 7, '0000-00-00', 439, 453, 457, 448, 872475),
(4717, 7, '0000-00-00', 453, 453, 457, 448, 847558),
(4718, 7, '0000-00-00', 453, 468, 473, 464, 219780),
(4719, 7, '0000-00-00', 468, 466, 471, 461, 514299),
(4720, 7, '0000-00-00', 466, 461, 465, 456, 108057),
(4721, 7, '0000-00-00', 461, 469, 473, 464, 157234),
(4722, 7, '0000-00-00', 469, 459, 464, 455, 249082),
(4723, 7, '0000-00-00', 459, 458, 462, 453, 251449),
(4724, 7, '0000-00-00', 458, 458, 462, 453, 103697),
(4725, 7, '0000-00-00', 458, 467, 472, 463, 620701),
(4726, 7, '0000-00-00', 467, 483, 488, 478, 390684),
(4727, 7, '0000-00-00', 483, 484, 489, 479, 494762),
(4728, 7, '0000-00-00', 484, 487, 491, 482, 134069),
(4729, 7, '0000-00-00', 487, 497, 502, 492, 353855),
(4730, 7, '0000-00-00', 497, 497, 502, 492, 580390),
(4731, 7, '0000-00-00', 497, 508, 513, 503, 367795),
(4732, 7, '0000-00-00', 508, 495, 500, 490, 784049),
(4733, 7, '0000-00-00', 495, 499, 504, 494, 882579),
(4734, 7, '0000-00-00', 499, 487, 492, 482, 517797),
(4735, 7, '0000-00-00', 487, 497, 502, 492, 975054),
(4736, 7, '0000-00-00', 497, 490, 495, 485, 665949),
(4737, 7, '0000-00-00', 490, 493, 498, 488, 467615),
(4738, 7, '0000-00-00', 493, 506, 511, 501, 778342),
(4739, 7, '0000-00-00', 506, 514, 519, 509, 407270),
(4740, 7, '0000-00-00', 514, 503, 508, 498, 618275),
(4741, 7, '0000-00-00', 503, 514, 519, 509, 905659),
(4742, 7, '0000-00-00', 514, 514, 519, 509, 286289),
(4743, 7, '0000-00-00', 514, 501, 506, 496, 859609),
(4744, 7, '0000-00-00', 501, 510, 515, 505, 655446),
(4745, 7, '0000-00-00', 510, 527, 532, 522, 625422),
(4746, 7, '0000-00-00', 527, 534, 539, 529, 868911),
(4747, 7, '0000-00-00', 534, 540, 545, 534, 574282),
(4748, 7, '0000-00-00', 540, 540, 546, 535, 727762),
(4749, 7, '0000-00-00', 540, 557, 562, 551, 424882),
(4750, 7, '0000-00-00', 557, 570, 576, 564, 792582),
(4751, 7, '0000-00-00', 570, 592, 598, 586, 224438),
(4752, 7, '0000-00-00', 592, 577, 583, 572, 844379),
(4753, 7, '0000-00-00', 577, 570, 575, 564, 100022),
(4754, 7, '0000-00-00', 570, 556, 562, 551, 477546),
(4755, 7, '0000-00-00', 556, 573, 578, 567, 353332),
(4756, 7, '0000-00-00', 573, 585, 590, 579, 289980),
(4757, 7, '0000-00-00', 585, 595, 601, 590, 112163),
(4758, 7, '0000-00-00', 595, 593, 599, 587, 627606),
(4759, 7, '0000-00-00', 593, 616, 622, 610, 318074),
(4760, 7, '0000-00-00', 616, 641, 647, 634, 350933),
(4761, 7, '0000-00-00', 641, 653, 660, 647, 143294),
(4762, 7, '0000-00-00', 653, 661, 667, 654, 861166),
(4763, 7, '0000-00-00', 661, 671, 678, 665, 141589),
(4764, 7, '0000-00-00', 671, 692, 699, 685, 279526),
(4765, 7, '0000-00-00', 692, 703, 710, 696, 995378),
(4766, 7, '0000-00-00', 703, 700, 707, 693, 361846),
(4767, 7, '0000-00-00', 700, 683, 690, 677, 565449),
(4768, 7, '0000-00-00', 683, 692, 699, 685, 538822),
(4769, 7, '0000-00-00', 692, 685, 692, 678, 163342),
(4770, 7, '0000-00-00', 685, 677, 684, 671, 172707),
(4771, 7, '0000-00-00', 677, 664, 671, 658, 333238),
(4772, 7, '0000-00-00', 664, 650, 656, 643, 252782),
(4773, 7, '0000-00-00', 650, 649, 655, 642, 736141),
(4774, 7, '0000-00-00', 649, 673, 679, 666, 381650),
(4775, 7, '0000-00-00', 673, 690, 697, 683, 798666),
(4776, 7, '0000-00-00', 690, 704, 711, 696, 261812),
(4777, 7, '0000-00-00', 704, 691, 698, 684, 979430),
(4778, 7, '0000-00-00', 691, 687, 694, 680, 489743),
(4779, 7, '0000-00-00', 687, 711, 719, 704, 141624),
(4780, 7, '0000-00-00', 711, 704, 711, 697, 961720),
(4781, 7, '0000-00-00', 704, 693, 700, 686, 498277),
(4782, 7, '0000-00-00', 693, 687, 693, 680, 710407),
(4783, 7, '0000-00-00', 687, 671, 678, 665, 213560),
(4784, 7, '0000-00-00', 671, 672, 679, 665, 110513),
(4785, 7, '0000-00-00', 672, 694, 701, 687, 727864),
(4786, 7, '0000-00-00', 694, 713, 720, 706, 399043),
(4787, 7, '0000-00-00', 713, 732, 739, 725, 634959),
(4788, 7, '0000-00-00', 732, 740, 748, 733, 849644),
(4789, 7, '0000-00-00', 740, 745, 752, 737, 730068),
(4790, 7, '0000-00-00', 745, 766, 774, 758, 349426),
(4791, 7, '0000-00-00', 766, 756, 764, 749, 509759),
(4792, 7, '0000-00-00', 756, 740, 747, 732, 292118),
(4793, 7, '0000-00-00', 740, 757, 765, 750, 776398),
(4794, 7, '0000-00-00', 757, 766, 774, 759, 769605),
(4795, 7, '0000-00-00', 766, 756, 763, 748, 934945),
(4796, 7, '0000-00-00', 756, 750, 757, 742, 733122),
(4797, 7, '0000-00-00', 750, 741, 748, 733, 272643),
(4798, 7, '0000-00-00', 741, 734, 741, 726, 498453),
(4799, 7, '0000-00-00', 734, 734, 742, 727, 310625),
(4800, 7, '0000-00-00', 734, 764, 771, 756, 340157),
(4801, 7, '0000-00-00', 764, 751, 758, 743, 449321),
(4802, 7, '0000-00-00', 751, 777, 785, 770, 767640),
(4803, 7, '0000-00-00', 777, 801, 809, 793, 585036),
(4804, 7, '0000-00-00', 801, 792, 800, 784, 653251),
(4805, 7, '0000-00-00', 792, 818, 826, 810, 351076),
(4806, 7, '0000-00-00', 818, 804, 812, 796, 648402),
(4807, 7, '0000-00-00', 804, 819, 828, 811, 844383),
(4808, 7, '0000-00-00', 819, 824, 833, 816, 634804),
(4809, 7, '0000-00-00', 824, 854, 863, 845, 849327),
(4810, 7, '0000-00-00', 854, 843, 852, 835, 448522),
(4811, 7, '0000-00-00', 843, 823, 831, 815, 803986),
(4812, 7, '0000-00-00', 823, 828, 837, 820, 453253),
(4813, 7, '0000-00-00', 828, 844, 852, 835, 780480),
(4814, 7, '0000-00-00', 844, 864, 872, 855, 954193),
(4815, 7, '0000-00-00', 864, 891, 900, 882, 946543),
(4816, 7, '0000-00-00', 891, 904, 913, 895, 587420),
(4817, 7, '0000-00-00', 904, 934, 944, 925, 967671),
(4818, 7, '0000-00-00', 934, 947, 956, 937, 175220),
(4819, 7, '0000-00-00', 947, 939, 949, 930, 504244),
(4820, 7, '0000-00-00', 939, 954, 964, 945, 479950),
(4821, 7, '0000-00-00', 954, 931, 940, 922, 888777),
(4822, 7, '0000-00-00', 931, 948, 957, 938, 552339),
(4823, 7, '0000-00-00', 948, 947, 956, 937, 109428),
(4824, 7, '0000-00-00', 947, 982, 992, 972, 791588),
(4825, 7, '0000-00-00', 982, 964, 974, 954, 831756),
(4826, 7, '0000-00-00', 964, 956, 965, 946, 103991),
(4827, 7, '0000-00-00', 956, 978, 988, 968, 894202),
(4828, 7, '0000-00-00', 978, 999, 1009, 989, 801550),
(4829, 7, '0000-00-00', 999, 989, 999, 979, 396828),
(4830, 7, '0000-00-00', 989, 968, 977, 958, 423408),
(4831, 7, '0000-00-00', 968, 990, 999, 980, 331255),
(4832, 7, '0000-00-00', 990, 1026, 1036, 1016, 436473),
(4833, 7, '0000-00-00', 1026, 1045, 1055, 1035, 664077),
(4834, 7, '0000-00-00', 1045, 1060, 1071, 1050, 385295),
(4835, 7, '0000-00-00', 1060, 1101, 1112, 1090, 217868),
(4836, 7, '0000-00-00', 1101, 1082, 1092, 1071, 527046),
(4837, 7, '0000-00-00', 1082, 1075, 1086, 1064, 112409),
(4838, 7, '0000-00-00', 1075, 1112, 1123, 1101, 196642),
(4839, 7, '0000-00-00', 1112, 1087, 1098, 1076, 990179),
(4840, 7, '0000-00-00', 1087, 1102, 1113, 1091, 574893),
(4841, 7, '0000-00-00', 1102, 1143, 1154, 1131, 619197),
(4842, 7, '0000-00-00', 1143, 1145, 1156, 1134, 383531),
(4843, 7, '0000-00-00', 1145, 1132, 1143, 1121, 504318),
(4844, 7, '0000-00-00', 1132, 1172, 1184, 1160, 544981),
(4845, 7, '0000-00-00', 1172, 1173, 1185, 1161, 280011),
(4846, 7, '0000-00-00', 1173, 1194, 1206, 1182, 368877),
(4847, 7, '0000-00-00', 1194, 1235, 1247, 1222, 349729),
(4848, 7, '0000-00-00', 1235, 1209, 1221, 1197, 819928),
(4849, 7, '0000-00-00', 1209, 1191, 1203, 1179, 249952),
(4850, 7, '0000-00-00', 1191, 1190, 1202, 1179, 212439),
(4851, 7, '0000-00-00', 1190, 1203, 1215, 1191, 660889),
(4852, 7, '0000-00-00', 1203, 1251, 1263, 1238, 140802),
(4853, 7, '0000-00-00', 1251, 1261, 1273, 1248, 538837),
(4854, 7, '0000-00-00', 1261, 1288, 1301, 1275, 932654),
(4855, 7, '0000-00-00', 1288, 1311, 1325, 1298, 624008),
(4856, 7, '0000-00-00', 1311, 1339, 1352, 1325, 614763),
(4857, 7, '0000-00-00', 1339, 1373, 1387, 1360, 121928),
(4858, 7, '0000-00-00', 1373, 1406, 1420, 1392, 388742),
(4859, 7, '0000-00-00', 1406, 1370, 1383, 1356, 828773),
(4860, 7, '0000-00-00', 1370, 1391, 1405, 1377, 224846),
(4861, 7, '0000-00-00', 1391, 1383, 1397, 1369, 418194),
(4862, 7, '0000-00-00', 1383, 1429, 1444, 1415, 370166),
(4863, 7, '0000-00-00', 1429, 1393, 1407, 1379, 407777),
(4864, 7, '0000-00-00', 1393, 1356, 1370, 1343, 996797),
(4865, 7, '0000-00-00', 1356, 1398, 1412, 1384, 648726),
(4866, 7, '0000-00-00', 1398, 1399, 1413, 1385, 557934),
(4867, 7, '0000-00-00', 1399, 1416, 1430, 1402, 989510),
(4868, 7, '0000-00-00', 1416, 1429, 1443, 1414, 659397),
(4869, 7, '0000-00-00', 1429, 1445, 1459, 1430, 991948),
(4870, 7, '0000-00-00', 1445, 1446, 1460, 1431, 585141),
(4871, 7, '0000-00-00', 1446, 1420, 1434, 1406, 898695),
(4872, 7, '0000-00-00', 1420, 1466, 1481, 1451, 559534),
(4873, 7, '0000-00-00', 1466, 1462, 1477, 1448, 878111),
(4874, 7, '0000-00-00', 1462, 1429, 1443, 1415, 982393),
(4875, 7, '0000-00-00', 1429, 1398, 1412, 1384, 193003),
(4876, 7, '0000-00-00', 1398, 1411, 1425, 1397, 465763),
(4877, 7, '0000-00-00', 1411, 1438, 1452, 1424, 324939),
(4878, 7, '0000-00-00', 1438, 1494, 1508, 1479, 322317),
(4879, 7, '0000-00-00', 1494, 1514, 1530, 1499, 384794),
(4880, 7, '0000-00-00', 1514, 1511, 1527, 1496, 366513),
(4881, 7, '0000-00-00', 1511, 1546, 1561, 1530, 774526),
(4882, 7, '0000-00-00', 1546, 1548, 1563, 1532, 907677),
(4883, 7, '0000-00-00', 1548, 1525, 1540, 1510, 523945),
(4884, 7, '0000-00-00', 1525, 1545, 1561, 1530, 253679),
(4885, 7, '0000-00-00', 1545, 1562, 1577, 1546, 628055),
(4886, 7, '0000-00-00', 1562, 1570, 1586, 1554, 673389),
(4887, 7, '0000-00-00', 1570, 1616, 1632, 1600, 689695),
(4888, 7, '0000-00-00', 1616, 1616, 1632, 1600, 858753),
(4889, 7, '0000-00-00', 1616, 1619, 1636, 1603, 251427),
(4890, 7, '0000-00-00', 1619, 1644, 1661, 1628, 873077),
(4891, 7, '0000-00-00', 1644, 1679, 1696, 1663, 101921),
(4892, 7, '0000-00-00', 1679, 1705, 1722, 1688, 666480),
(4893, 7, '0000-00-00', 1705, 1769, 1786, 1751, 756917),
(4894, 7, '0000-00-00', 1769, 1783, 1801, 1765, 794628),
(4895, 7, '0000-00-00', 1783, 1743, 1760, 1725, 200295),
(4896, 7, '0000-00-00', 1743, 1744, 1761, 1726, 251760),
(4897, 7, '0000-00-00', 1744, 1733, 1751, 1716, 825056),
(4898, 7, '0000-00-00', 1733, 1696, 1713, 1679, 802491),
(4899, 7, '0000-00-00', 1696, 1675, 1691, 1658, 455339),
(4900, 7, '0000-00-00', 1675, 1703, 1720, 1686, 867097),
(4901, 7, '0000-00-00', 1703, 1754, 1771, 1736, 542679),
(4902, 7, '0000-00-00', 1754, 1816, 1834, 1798, 962747),
(4903, 7, '0000-00-00', 1816, 1831, 1850, 1813, 385613),
(4904, 7, '0000-00-00', 1831, 1838, 1856, 1819, 359683),
(4905, 7, '0000-00-00', 1838, 1865, 1883, 1846, 265693),
(4906, 7, '0000-00-00', 1865, 1840, 1858, 1821, 419890),
(4907, 7, '0000-00-00', 1840, 1889, 1908, 1870, 541480),
(4908, 7, '0000-00-00', 1889, 1959, 1979, 1940, 681808),
(4909, 7, '0000-00-00', 1959, 1919, 1938, 1900, 260490),
(4910, 7, '0000-00-00', 1919, 1925, 1944, 1906, 275745),
(4911, 7, '0000-00-00', 1925, 1905, 1924, 1886, 594922),
(4912, 7, '0000-00-00', 1905, 1973, 1993, 1953, 320735),
(4913, 7, '0000-00-00', 1973, 1972, 1992, 1952, 609423),
(4914, 7, '0000-00-00', 1972, 1931, 1950, 1912, 825416),
(4915, 7, '0000-00-00', 1931, 1926, 1945, 1907, 587080),
(4916, 7, '0000-00-00', 1926, 1944, 1963, 1924, 583278),
(4917, 7, '0000-00-00', 1944, 1976, 1996, 1957, 910590),
(4918, 7, '0000-00-00', 1976, 2049, 2069, 2028, 708519),
(4919, 7, '0000-00-00', 2049, 2121, 2142, 2100, 939972),
(4920, 7, '0000-00-00', 2121, 2128, 2150, 2107, 223166),
(4921, 7, '0000-00-00', 2128, 2184, 2205, 2162, 579611),
(4922, 7, '0000-00-00', 2184, 2191, 2213, 2169, 216080),
(4923, 7, '0000-00-00', 2191, 2227, 2250, 2205, 887671),
(4924, 7, '0000-00-00', 2227, 2193, 2215, 2171, 840792),
(4925, 7, '0000-00-00', 2193, 2168, 2190, 2147, 544958),
(4926, 7, '0000-00-00', 2168, 2217, 2240, 2195, 810750),
(4927, 7, '0000-00-00', 2217, 2287, 2310, 2264, 346778),
(4928, 7, '0000-00-00', 2287, 2365, 2388, 2341, 744684),
(4929, 7, '0000-00-00', 2365, 2357, 2380, 2333, 388122),
(4930, 7, '0000-00-00', 2357, 2376, 2399, 2352, 975682),
(4931, 7, '0000-00-00', 2376, 2463, 2487, 2438, 305342),
(4932, 7, '0000-00-00', 2463, 2450, 2474, 2425, 505611),
(4933, 7, '0000-00-00', 2450, 2500, 2525, 2475, 692520),
(4934, 7, '0000-00-00', 2500, 2484, 2508, 2459, 240920),
(4935, 7, '0000-00-00', 2484, 2449, 2473, 2424, 771745),
(4936, 7, '0000-00-00', 2449, 2460, 2485, 2436, 859719),
(4937, 7, '0000-00-00', 2460, 2446, 2470, 2421, 992783),
(4938, 7, '0000-00-00', 2446, 2452, 2477, 2428, 314564),
(4939, 7, '0000-00-00', 2452, 2424, 2449, 2400, 375109),
(4940, 7, '0000-00-00', 2424, 2373, 2396, 2349, 617595),
(4941, 7, '0000-00-00', 2373, 2444, 2468, 2419, 694976),
(4942, 7, '0000-00-00', 2444, 2457, 2481, 2432, 359015),
(4943, 7, '0000-00-00', 2457, 2434, 2458, 2409, 773249),
(4944, 7, '0000-00-00', 2434, 2484, 2509, 2459, 614504),
(4945, 7, '0000-00-00', 2484, 2509, 2534, 2484, 857786),
(4946, 7, '0000-00-00', 2509, 2486, 2510, 2461, 229039),
(4947, 7, '0000-00-00', 2486, 2462, 2487, 2438, 919166),
(4948, 7, '0000-00-00', 2462, 2518, 2543, 2493, 409781),
(4949, 7, '0000-00-00', 2518, 2488, 2513, 2463, 839057),
(4950, 7, '0000-00-00', 2488, 2523, 2548, 2498, 756737),
(4951, 7, '0000-00-00', 2523, 2501, 2526, 2476, 407014),
(4952, 7, '0000-00-00', 2501, 2554, 2580, 2529, 565940),
(4953, 7, '0000-00-00', 2554, 2563, 2588, 2537, 132799),
(4954, 7, '0000-00-00', 2563, 2570, 2595, 2544, 643849),
(4955, 7, '0000-00-00', 2570, 2556, 2581, 2530, 545708),
(4956, 7, '0000-00-00', 2556, 2639, 2666, 2613, 238914),
(4957, 7, '0000-00-00', 2639, 2743, 2771, 2716, 969054),
(4958, 7, '0000-00-00', 2743, 2699, 2726, 2672, 384413),
(4959, 7, '0000-00-00', 2699, 2786, 2814, 2758, 216070),
(4960, 7, '0000-00-00', 2786, 2793, 2821, 2765, 366054),
(4961, 7, '0000-00-00', 2793, 2801, 2829, 2773, 394307),
(4962, 7, '0000-00-00', 2801, 2804, 2832, 2776, 407191),
(4963, 7, '0000-00-00', 2804, 2851, 2880, 2823, 792495),
(4964, 7, '0000-00-00', 2851, 2866, 2895, 2838, 440708),
(4965, 7, '0000-00-00', 2866, 2880, 2908, 2851, 155252),
(4966, 7, '0000-00-00', 2880, 2816, 2844, 2788, 746527),
(4967, 7, '0000-00-00', 2816, 2850, 2879, 2822, 802473),
(4968, 7, '0000-00-00', 2850, 2846, 2875, 2818, 399181),
(4969, 7, '0000-00-00', 2846, 2791, 2819, 2763, 558739),
(4970, 7, '0000-00-00', 2791, 2756, 2783, 2728, 458973),
(4971, 7, '0000-00-00', 2756, 2824, 2852, 2796, 662565),
(4972, 7, '0000-00-00', 2824, 2749, 2776, 2721, 589583),
(4973, 7, '0000-00-00', 2749, 2780, 2808, 2752, 452884),
(4974, 7, '0000-00-00', 2780, 2730, 2757, 2702, 778095),
(4975, 7, '0000-00-00', 2730, 2668, 2694, 2641, 570035),
(4976, 7, '0000-00-00', 2668, 2735, 2763, 2708, 909363),
(4977, 7, '0000-00-00', 2735, 2845, 2873, 2816, 558657),
(4978, 7, '0000-00-00', 2845, 2824, 2852, 2796, 285776),
(4979, 7, '0000-00-00', 2824, 2901, 2930, 2872, 878601),
(4980, 7, '0000-00-00', 2901, 2953, 2983, 2924, 778312),
(4981, 7, '0000-00-00', 2953, 2918, 2947, 2889, 452181),
(4982, 7, '0000-00-00', 2918, 2988, 3018, 2958, 879870),
(4983, 7, '0000-00-00', 2988, 2946, 2976, 2917, 842454),
(4984, 7, '0000-00-00', 2946, 3011, 3041, 2981, 850239),
(4985, 7, '0000-00-00', 3011, 2961, 2990, 2931, 607847),
(4986, 7, '0000-00-00', 2961, 2979, 3008, 2949, 957155),
(4987, 7, '0000-00-00', 2979, 2949, 2978, 2919, 955224),
(4988, 7, '0000-00-00', 2949, 3067, 3097, 3036, 184909),
(4989, 7, '0000-00-00', 3067, 3189, 3221, 3157, 632924),
(4990, 7, '0000-00-00', 3189, 3317, 3350, 3284, 594688),
(4991, 7, '0000-00-00', 3317, 3405, 3439, 3371, 170142),
(4992, 7, '0000-00-00', 3405, 3385, 3419, 3351, 271946),
(4993, 7, '0000-00-00', 3385, 3435, 3469, 3400, 656260),
(4994, 7, '0000-00-00', 3435, 3524, 3559, 3489, 399375),
(4995, 7, '0000-00-00', 3524, 3538, 3573, 3503, 190951),
(4996, 7, '0000-00-00', 3538, 3639, 3676, 3603, 962947),
(4997, 7, '0000-00-00', 3639, 3567, 3602, 3531, 537187),
(4998, 7, '0000-00-00', 3567, 3481, 3516, 3446, 557795),
(4999, 7, '0000-00-00', 3481, 3428, 3462, 3393, 513402),
(5000, 7, '0000-00-00', 3428, 3492, 3527, 3457, 139634),
(5001, 7, '0000-00-00', 3492, 3492, 3527, 3457, 782999),
(5002, 7, '0000-00-00', 3492, 3399, 3433, 3365, 722513),
(5003, 7, '0000-00-00', 3399, 3534, 3570, 3499, 636894),
(5004, 7, '0000-00-00', 3534, 3640, 3677, 3604, 862616),
(5005, 7, '0000-00-00', 3640, 3621, 3657, 3585, 511268),
(5006, 7, '0000-00-00', 3621, 3563, 3599, 3528, 355750),
(5007, 7, '0000-00-00', 3563, 3649, 3685, 3612, 220708),
(5008, 7, '0000-00-00', 3649, 3768, 3806, 3730, 526906),
(5009, 7, '0000-00-00', 3768, 3816, 3854, 3777, 162453),
(5010, 7, '0000-00-00', 3816, 3943, 3982, 3903, 738051),
(5011, 7, '0000-00-00', 3943, 3919, 3958, 3880, 377536),
(5012, 7, '0000-00-00', 3919, 4024, 4064, 3983, 844626),
(5013, 7, '0000-00-00', 4024, 3973, 4012, 3933, 480580);
INSERT INTO `pricehistory` (`ID`, `CryptoID`, `Date`, `Open`, `Close`, `High`, `Low`, `Volume`) VALUES
(5014, 7, '0000-00-00', 3973, 3944, 3983, 3904, 964899),
(5015, 7, '0000-00-00', 3944, 3951, 3991, 3912, 253635),
(5016, 7, '0000-00-00', 3951, 3912, 3951, 3873, 515877),
(5017, 7, '0000-00-00', 3912, 3870, 3909, 3831, 931746),
(5018, 7, '0000-00-00', 3870, 3914, 3953, 3875, 231342),
(5019, 7, '0000-00-00', 3914, 3831, 3869, 3792, 858911),
(5020, 7, '0000-00-00', 3831, 3769, 3807, 3732, 868736),
(5021, 7, '0000-00-00', 3769, 3807, 3845, 3769, 761094),
(5022, 7, '0000-00-00', 3807, 3721, 3758, 3683, 838671),
(5023, 7, '0000-00-00', 3721, 3738, 3775, 3701, 498433),
(5024, 7, '0000-00-00', 3738, 3693, 3730, 3656, 469570),
(5025, 7, '0000-00-00', 3693, 3651, 3688, 3615, 201642),
(5026, 7, '0000-00-00', 3651, 3754, 3791, 3716, 626390),
(5027, 7, '0000-00-00', 3754, 3678, 3715, 3642, 425360),
(5028, 7, '0000-00-00', 3678, 3696, 3733, 3659, 556617),
(5029, 7, '0000-00-00', 3696, 3604, 3640, 3568, 420018),
(5030, 7, '0000-00-00', 3604, 3713, 3750, 3675, 108801),
(5031, 7, '0000-00-00', 3713, 3683, 3720, 3646, 559688),
(5032, 7, '0000-00-00', 3683, 3661, 3697, 3624, 671563),
(5033, 7, '0000-00-00', 3661, 3788, 3826, 3750, 539597),
(5034, 7, '0000-00-00', 3788, 3841, 3879, 3802, 977495),
(5035, 7, '0000-00-00', 3841, 3959, 3998, 3919, 716908),
(5036, 7, '0000-00-00', 3959, 3922, 3961, 3882, 883636),
(5037, 7, '0000-00-00', 3922, 3867, 3905, 3828, 523804),
(5038, 7, '0000-00-00', 3867, 4014, 4054, 3973, 634924),
(5039, 7, '0000-00-00', 4014, 3949, 3989, 3910, 175118),
(5040, 7, '0000-00-00', 3949, 3923, 3962, 3884, 628497),
(5041, 7, '0000-00-00', 3923, 3818, 3857, 3780, 558530),
(5042, 7, '0000-00-00', 3818, 3821, 3859, 3783, 421317),
(5043, 7, '0000-00-00', 3821, 3734, 3772, 3697, 387210),
(5044, 7, '0000-00-00', 3734, 3712, 3749, 3675, 126123),
(5045, 7, '0000-00-00', 3712, 3650, 3687, 3614, 503985),
(5046, 7, '0000-00-00', 3650, 3614, 3650, 3577, 443888),
(5047, 7, '0000-00-00', 3614, 3688, 3725, 3651, 731248),
(5048, 7, '0000-00-00', 3688, 3629, 3666, 3593, 917608),
(5049, 7, '0000-00-00', 3629, 3634, 3670, 3598, 283924),
(5050, 7, '0000-00-00', 3634, 3658, 3695, 3622, 354140),
(5051, 7, '0000-00-00', 3658, 3707, 3744, 3670, 107309),
(5052, 7, '0000-00-00', 3707, 3719, 3757, 3682, 180785),
(5053, 7, '0000-00-00', 3719, 3657, 3694, 3621, 367774),
(5054, 7, '0000-00-00', 3657, 3760, 3797, 3722, 815015),
(5055, 7, '0000-00-00', 3760, 3905, 3944, 3866, 346667),
(5056, 7, '0000-00-00', 3905, 3806, 3844, 3768, 466045),
(5057, 7, '0000-00-00', 3806, 3948, 3988, 3909, 416947),
(5058, 7, '0000-00-00', 3948, 3993, 4033, 3953, 696099),
(5059, 7, '0000-00-00', 3993, 4142, 4184, 4101, 943648),
(5060, 7, '0000-00-00', 4142, 4170, 4212, 4128, 902486),
(5061, 7, '0000-00-00', 4170, 4120, 4161, 4079, 638227),
(5062, 7, '0000-00-00', 4120, 4208, 4250, 4166, 865124),
(5063, 7, '0000-00-00', 4208, 4233, 4275, 4191, 287161),
(5064, 7, '0000-00-00', 4233, 4143, 4184, 4101, 579327),
(5065, 7, '0000-00-00', 4143, 4239, 4282, 4197, 980170),
(5066, 7, '0000-00-00', 4239, 4155, 4196, 4113, 877133),
(5067, 7, '0000-00-00', 4155, 4321, 4364, 4278, 836012),
(5068, 7, '0000-00-00', 4321, 4217, 4259, 4175, 797327),
(5069, 7, '0000-00-00', 4217, 4172, 4214, 4130, 123346),
(5070, 7, '0000-00-00', 4172, 4314, 4357, 4271, 518230),
(5071, 7, '0000-00-00', 4314, 4383, 4427, 4339, 571034),
(5072, 7, '0000-00-00', 4383, 4348, 4391, 4304, 613055),
(5073, 7, '0000-00-00', 4348, 4235, 4277, 4192, 955265),
(5074, 7, '0000-00-00', 4235, 4184, 4226, 4142, 264745),
(5075, 7, '0000-00-00', 4184, 4284, 4327, 4242, 572929),
(5076, 7, '0000-00-00', 4284, 4196, 4238, 4154, 530261),
(5077, 7, '0000-00-00', 4196, 4350, 4393, 4306, 537074),
(5078, 7, '0000-00-00', 4350, 4390, 4434, 4346, 481921),
(5079, 7, '0000-00-00', 4390, 4493, 4538, 4448, 548066),
(5080, 7, '0000-00-00', 4493, 4385, 4429, 4341, 603546),
(5081, 7, '0000-00-00', 4385, 4364, 4408, 4321, 395592),
(5082, 7, '0000-00-00', 4364, 4248, 4291, 4206, 781823),
(5083, 7, '0000-00-00', 4248, 4353, 4396, 4309, 762108),
(5084, 7, '0000-00-00', 4353, 4321, 4364, 4278, 689397),
(5085, 7, '0000-00-00', 4321, 4332, 4376, 4289, 810602),
(5086, 7, '0000-00-00', 4332, 4318, 4361, 4275, 395480),
(5087, 7, '0000-00-00', 4318, 4473, 4518, 4429, 992581),
(5088, 7, '0000-00-00', 4473, 4596, 4642, 4550, 179162),
(5089, 7, '0000-00-00', 4596, 4654, 4701, 4607, 101471),
(5090, 7, '0000-00-00', 4654, 4669, 4716, 4623, 849585),
(5091, 7, '0000-00-00', 4669, 4613, 4660, 4567, 645208),
(5092, 7, '0000-00-00', 4613, 4515, 4560, 4470, 294855),
(5093, 7, '0000-00-00', 4515, 4473, 4518, 4428, 702388),
(5094, 7, '0000-00-00', 4473, 4371, 4415, 4328, 597885),
(5095, 7, '0000-00-00', 4371, 4485, 4530, 4440, 729362),
(5096, 7, '0000-00-00', 4485, 4533, 4578, 4488, 955243),
(5097, 7, '0000-00-00', 4533, 4663, 4710, 4616, 177907),
(5098, 7, '0000-00-00', 4663, 4744, 4791, 4696, 323563),
(5099, 7, '0000-00-00', 4744, 4668, 4715, 4621, 613712),
(5100, 7, '0000-00-00', 4668, 4814, 4862, 4766, 570340),
(5101, 7, '0000-00-00', 4814, 4981, 5031, 4931, 952289),
(5102, 7, '0000-00-00', 4981, 4901, 4950, 4852, 184461),
(5103, 7, '0000-00-00', 4901, 4950, 5000, 4901, 856810),
(5104, 7, '0000-00-00', 4950, 5112, 5163, 5061, 356448),
(5105, 7, '0000-00-00', 5112, 5228, 5280, 5176, 516902),
(5106, 7, '0000-00-00', 5228, 5277, 5329, 5224, 255304),
(5107, 7, '0000-00-00', 5277, 5210, 5262, 5158, 379279),
(5108, 7, '0000-00-00', 5210, 5314, 5367, 5261, 995629),
(5109, 7, '0000-00-00', 5314, 5296, 5349, 5243, 105415),
(5110, 7, '0000-00-00', 5296, 5166, 5217, 5114, 544120),
(5111, 7, '0000-00-00', 5166, 5028, 5078, 4978, 789356),
(5112, 7, '0000-00-00', 5028, 4934, 4983, 4885, 102596),
(5113, 7, '0000-00-00', 4934, 5066, 5116, 5015, 729292),
(5114, 7, '0000-00-00', 5066, 5184, 5236, 5132, 238050),
(5115, 7, '0000-00-00', 5184, 5350, 5403, 5296, 416642),
(5116, 7, '0000-00-00', 5350, 5510, 5565, 5455, 931448),
(5117, 7, '0000-00-00', 5510, 5466, 5521, 5412, 420199);

-- --------------------------------------------------------

--
-- Table structure for table `tradehistory`
--

CREATE TABLE `tradehistory` (
  `ID` int(11) NOT NULL,
  `PairID` int(11) NOT NULL,
  `ExchID` int(11) NOT NULL,
  `UserID` int(11) NOT NULL,
  `PriceID` int(11) NOT NULL,
  `Action` int(1) NOT NULL,
  `Quantity` int(11) NOT NULL
) ENGINE=InnoDB DEFAULT CHARSET=utf8mb4;

--
-- Dumping data for table `tradehistory`
--

INSERT INTO `tradehistory` (`ID`, `PairID`, `ExchID`, `UserID`, `PriceID`, `Action`, `Quantity`) VALUES
(1, 1, 1, 5, 740, 0, 5),
(2, 1, 1, 5, 753, 0, 3),
(3, 1, 1, 5, 766, 0, 3),
(4, 1, 1, 5, 801, 0, 4),
(5, 1, 1, 5, 832, 0, 5),
(6, 1, 1, 5, 863, 0, 1),
(7, 1, 1, 5, 883, 0, 1),
(8, 1, 1, 5, 896, 0, 1),
(9, 1, 1, 5, 928, 0, 4),
(10, 1, 1, 5, 964, 0, 3),
(11, 1, 1, 5, 992, 1, 10),
(12, 3, 3, 5, 1500, 0, 4),
(13, 3, 1, 5, 1527, 0, 1),
(14, 3, 1, 5, 1548, 0, 1),
(15, 3, 1, 5, 1575, 0, 2),
(16, 3, 1, 5, 1606, 0, 3),
(17, 3, 1, 5, 1621, 0, 2),
(18, 3, 1, 5, 1646, 0, 1),
(19, 3, 1, 5, 1665, 0, 1),
(20, 3, 1, 5, 1704, 0, 2),
(21, 3, 1, 5, 1731, 0, 5),
(22, 3, 1, 5, 1742, 1, 11);

-- --------------------------------------------------------

--
-- Table structure for table `tradepair`
--

CREATE TABLE `tradepair` (
  `ID` int(11) NOT NULL,
  `Name` varchar(255) NOT NULL,
  `FirstPairID` int(11) NOT NULL,
  `SecondPairID` int(11) NOT NULL,
  `PairTicker` varchar(10) NOT NULL
) ENGINE=InnoDB DEFAULT CHARSET=utf8mb4;

--
-- Dumping data for table `tradepair`
--

INSERT INTO `tradepair` (`ID`, `Name`, `FirstPairID`, `SecondPairID`, `PairTicker`) VALUES
(1, 'Pair1', 1, 2, ''),
(2, 'Pair2', 2, 5, ''),
(3, 'Pair3', 3, 7, ''),
(4, 'Pair4', 4, 3, ''),
(5, 'Pair5', 5, 2, ''),
(6, 'Pair6', 6, 3, ''),
(7, 'Pair7', 7, 1, '');

-- --------------------------------------------------------

--
-- Table structure for table `user`
--

CREATE TABLE `user` (
  `ID` int(11) NOT NULL,
  `Email` varchar(255) NOT NULL,
  `Phone` varchar(10) NOT NULL,
  `SecurityKey` varchar(20) NOT NULL,
  `Password` varchar(255) NOT NULL,
  `Permission` int(1) NOT NULL DEFAULT 0
) ENGINE=InnoDB DEFAULT CHARSET=utf8mb4;

--
-- Dumping data for table `user`
--

INSERT INTO `user` (`ID`, `Email`, `Phone`, `SecurityKey`, `Password`, `Permission`) VALUES
(1, 'andy@madeupaddy.net', '3374605272', 'S_KEY_354', '$2y$10$5VqTZCVytnaiHdUf5AVxjOSu8wF4yK.npDuL0gnCKbNnbxiGCgrBW', 1),
(2, 'cjr@cjruder.net', '2879358940', 'S_KEY_570', '$2y$10$vAwqfTlAlA5WS33ZyKooD.ZHbYlW620I5T1bQiPPykS8szzdY9TWK!', 2),
(3, 'jenny@madeupaddy.net', '8051605400', 'S_KEY_243', '$2y$10$TJoRDURxR7gi5wullvu/weSebvG3Cs29L4tgzxNcTHFeD9u06Rzb.', 1),
(4, 'becky@madeupaddy.net', '2644401133', 'S_KEY_957', '$2y$10$rOvfUZOi5TU.5eiNUx4OBOTsTzwMQWS7zjz/17o6qxflWw8aX5/qS', 1),
(5, 'harvey@madeupaddy.net', '1170972632', 'S_KEY_371', '$2y$10$L7VFtY3lhu84LTuW8Awh6uityvEKxY.xQDTNbxSByRIEd5CCJ1BJC', 1),
(6, 'lynn@madeupaddy.net', '6789019729', 'S_KEY_572', '$2y$10$SNEbdfviayhHCsJC1LkZBeE8fK./d/azhx4/TSDPNId6Y.FmR.izm', 0),
(7, 'cora@madeupaddy.net', '6173215598', 'S_KEY_594', '$2y$10$UxosmBwOrbqnlmMF0fZZC.7G0mrqb7NfYzYCNH9cvaid7sS38rkDC', 0),
(8, 'warren@madeupaddy.net', '2530985670', 'S_KEY_488', '$2y$10$E6dFBJfF/98Nmij5rcdHu.tdikK9yBLDeY0C.k0YrrkLYkz9mLFXS', 1),
(9, 'tiffany@madeupaddy.net', '5887994652', 'S_KEY_730', '$2y$10$j6B/ZAfo6kFn4Nu6KPRi5ORRrwlKdf5szuqIUh93Rr.Tx7qnw426y', 0),
(10, 'roxie@madeupaddy.net', '7110774695', 'S_KEY_836', '$2y$10$rDuPRZquAVbxq4VQ2nkud.3f1O/u4HGbqu4.1xK1e6UAH7TzL2ffe', 1);

-- password data before hashing for testing purposes
-- (1, 'andy@madeupaddy.net', '3374605272', 'S_KEY_354', 'Pass_905', 1),
-- (2, 'cjr@cjruder.net', '2879358940', 'S_KEY_570', 'password123456!', 2),
-- (3, 'jenny@madeupaddy.net', '8051605400', 'S_KEY_243', 'Pass_888', 1),
-- (4, 'becky@madeupaddy.net', '2644401133', 'S_KEY_957', 'Pass_221', 1),
-- (5, 'harvey@madeupaddy.net', '1170972632', 'S_KEY_371', 'Pass_322', 1),
-- (6, 'lynn@madeupaddy.net', '6789019729', 'S_KEY_572', 'Pass_930', 0),
-- (7, 'cora@madeupaddy.net', '6173215598', 'S_KEY_594', 'Pass_375', 0),
-- (8, 'warren@madeupaddy.net', '2530985670', 'S_KEY_488', 'Pass_389', 1),
-- (9, 'tiffany@madeupaddy.net', '5887994652', 'S_KEY_730', 'Pass_858', 0),
-- (10, 'roxie@madeupaddy.net', '7110774695', 'S_KEY_836', 'Pass_987', 1);


--
-- Indexes for dumped tables
--

--
-- Indexes for table `cryptocurrency`
--
ALTER TABLE `cryptocurrency`
  ADD PRIMARY KEY (`ID`);

--
-- Indexes for table `exchange`
--
ALTER TABLE `exchange`
  ADD PRIMARY KEY (`ID`);

--
-- Indexes for table `pricehistory`
--
ALTER TABLE `pricehistory`
  ADD PRIMARY KEY (`ID`),
  ADD KEY `CryptoLink` (`CryptoID`);

--
-- Indexes for table `tradehistory`
--
ALTER TABLE `tradehistory`
  ADD PRIMARY KEY (`ID`),
  ADD KEY `TradePairLink` (`PairID`),
  ADD KEY `ExchangeLink` (`ExchID`),
  ADD KEY `UserLink` (`UserID`),
  ADD KEY `PriceLink` (`PriceID`);

--
-- Indexes for table `tradepair`
--
ALTER TABLE `tradepair`
  ADD PRIMARY KEY (`ID`),
  ADD KEY `PairOne` (`FirstPairID`),
  ADD KEY `PairTwo` (`SecondPairID`);

--
-- Indexes for table `user`
--
ALTER TABLE `user`
  ADD PRIMARY KEY (`ID`);

--
-- AUTO_INCREMENT for dumped tables
--

--
-- AUTO_INCREMENT for table `cryptocurrency`
--
ALTER TABLE `cryptocurrency`
  MODIFY `ID` int(11) NOT NULL AUTO_INCREMENT, AUTO_INCREMENT=21;

--
-- AUTO_INCREMENT for table `exchange`
--
ALTER TABLE `exchange`
  MODIFY `ID` int(11) NOT NULL AUTO_INCREMENT, AUTO_INCREMENT=28;

--
-- AUTO_INCREMENT for table `pricehistory`
--
ALTER TABLE `pricehistory`
  MODIFY `ID` int(11) NOT NULL AUTO_INCREMENT, AUTO_INCREMENT=5118;

--
-- AUTO_INCREMENT for table `tradehistory`
--
ALTER TABLE `tradehistory`
  MODIFY `ID` int(11) NOT NULL AUTO_INCREMENT, AUTO_INCREMENT=23;

--
-- AUTO_INCREMENT for table `tradepair`
--
ALTER TABLE `tradepair`
  MODIFY `ID` int(11) NOT NULL AUTO_INCREMENT, AUTO_INCREMENT=8;

--
-- AUTO_INCREMENT for table `user`
--
ALTER TABLE `user`
  MODIFY `ID` int(11) NOT NULL AUTO_INCREMENT, AUTO_INCREMENT=13;

--
-- Constraints for dumped tables
--

--
-- Constraints for table `pricehistory`
--
ALTER TABLE `pricehistory`
  ADD CONSTRAINT `CryptoLink` FOREIGN KEY (`CryptoID`) REFERENCES `cryptocurrency` (`ID`);

--
-- Constraints for table `tradehistory`
--
ALTER TABLE `tradehistory`
  ADD CONSTRAINT `ExchangeLink` FOREIGN KEY (`ExchID`) REFERENCES `exchange` (`ID`),
  ADD CONSTRAINT `PriceLink` FOREIGN KEY (`PriceID`) REFERENCES `pricehistory` (`ID`),
  ADD CONSTRAINT `TradePairLink` FOREIGN KEY (`PairID`) REFERENCES `tradepair` (`ID`),
  ADD CONSTRAINT `UserLink` FOREIGN KEY (`UserID`) REFERENCES `user` (`ID`);

--
-- Constraints for table `tradepair`
--
ALTER TABLE `tradepair`
  ADD CONSTRAINT `PairOne` FOREIGN KEY (`FirstPairID`) REFERENCES `cryptocurrency` (`ID`),
  ADD CONSTRAINT `PairTwo` FOREIGN KEY (`SecondPairID`) REFERENCES `cryptocurrency` (`ID`);
COMMIT;

/*!40101 SET CHARACTER_SET_CLIENT=@OLD_CHARACTER_SET_CLIENT */;
/*!40101 SET CHARACTER_SET_RESULTS=@OLD_CHARACTER_SET_RESULTS */;
/*!40101 SET COLLATION_CONNECTION=@OLD_COLLATION_CONNECTION */;
